index,date,open,high,low,close,volume
0,2021-09-10 09:00:00,1.1827,1.1827,1.1821,1.1823,0
1,2021-09-10 08:59:00,1.1827,1.1827,1.1824,1.1827,0
2,2021-09-10 08:58:00,1.1826,1.1827,1.1825,1.1827,0
3,2021-09-10 08:57:00,1.1828,1.1829,1.1825,1.1826,0
4,2021-09-10 08:56:00,1.1828,1.1829,1.1826,1.1827,0
5,2021-09-10 08:55:00,1.1829,1.1829,1.1826,1.1828,0
6,2021-09-10 08:54:00,1.1832,1.1832,1.1827,1.1829,0
7,2021-09-10 08:53:00,1.1831,1.1832,1.1829,1.1831,0
8,2021-09-10 08:52:00,1.1832,1.1833,1.1829,1.1831,0
9,2021-09-10 08:51:00,1.1834,1.1834,1.1829,1.1832,0
10,2021-09-10 08:50:00,1.1835,1.1836,1.1832,1.1834,0
11,2021-09-10 08:49:00,1.1838,1.1838,1.1834,1.1835,0
12,2021-09-10 08:48:00,1.1839,1.1840,1.1837,1.1838,0
13,2021-09-10 08:47:00,1.1839,1.1840,1.1836,1.1839,0
14,2021-09-10 08:46:00,1.1835,1.1839,1.1835,1.1839,0
15,2021-09-10 08:45:00,1.1837,1.1837,1.1834,1.1837,0
16,2021-09-10 08:44:00,1.1837,1.1837,1.1834,1.1837,0
17,2021-09-10 08:43:00,1.1837,1.1838,1.1835,1.1837,0
18,2021-09-10 08:42:00,1.1834,1.1837,1.1833,1.1837,0
19,2021-09-10 08:41:00,1.1834,1.1836,1.1832,1.1835,0
20,2021-09-10 08:40:00,1.1836,1.1837,1.1832,1.1835,0
21,2021-09-10 08:39:00,1.1835,1.1836,1.1833,1.1836,0
22,2021-09-10 08:38:00,1.1834,1.1836,1.1833,1.1835,0
23,2021-09-10 08:37:00,1.1835,1.1836,1.1833,1.1834,0
24,2021-09-10 08:36:00,1.1834,1.1836,1.1833,1.1836,0
25,2021-09-10 08:35:00,1.1834,1.1835,1.1832,1.1835,0
26,2021-09-10 08:34:00,1.1835,1.1836,1.1832,1.1834,0
27,2021-09-10 08:33:00,1.1836,1.1836,1.1833,1.1835,0
28,2021-09-10 08:32:00,1.1836,1.1837,1.1834,1.1835,0
29,2021-09-10 08:31:00,1.1838,1.1839,1.1834,1.1836,0
30,2021-09-10 08:30:00,1.1839,1.1842,1.1836,1.1837,0
31,2021-09-10 08:29:00,1.1839,1.1840,1.1837,1.1839,0
32,2021-09-10 08:28:00,1.1839,1.1840,1.1837,1.1839,0
33,2021-09-10 08:27:00,1.1839,1.1839,1.1837,1.1838,0
34,2021-09-10 08:26:00,1.1838,1.1838,1.1836,1.1837,0
35,2021-09-10 08:25:00,1.1839,1.1839,1.1836,1.1836,0
36,2021-09-10 08:24:00,1.1839,1.1839,1.1836,1.1839,0
37,2021-09-10 08:23:00,1.1837,1.1839,1.1836,1.1839,0
38,2021-09-10 08:22:00,1.1835,1.1839,1.1833,1.1839,0
39,2021-09-10 08:21:00,1.1836,1.1837,1.1832,1.1835,0
40,2021-09-10 08:20:00,1.1837,1.1838,1.1834,1.1837,0
41,2021-09-10 08:19:00,1.1838,1.1838,1.1834,1.1837,0
42,2021-09-10 08:18:00,1.1839,1.1839,1.1836,1.1838,0
43,2021-09-10 08:17:00,1.1840,1.1840,1.1837,1.1839,0
44,2021-09-10 08:16:00,1.1840,1.1840,1.1837,1.1840,0
45,2021-09-10 08:15:00,1.1841,1.1841,1.1838,1.1840,0
46,2021-09-10 08:14:00,1.1840,1.1841,1.1839,1.1841,0
47,2021-09-10 08:13:00,1.1839,1.1840,1.1838,1.1839,0
48,2021-09-10 08:12:00,1.1840,1.1840,1.1837,1.1840,0
49,2021-09-10 08:11:00,1.1840,1.1840,1.1837,1.1839,0
50,2021-09-10 08:10:00,1.1840,1.1841,1.1838,1.1840,0
51,2021-09-10 08:09:00,1.1840,1.1840,1.1837,1.1840,0
52,2021-09-10 08:08:00,1.1839,1.1840,1.1837,1.1839,0
53,2021-09-10 08:07:00,1.1839,1.1840,1.1837,1.1839,0
54,2021-09-10 08:06:00,1.1838,1.1839,1.1837,1.1839,0
55,2021-09-10 08:05:00,1.1837,1.1838,1.1835,1.1837,0
56,2021-09-10 08:04:00,1.1837,1.1837,1.1834,1.1837,0
57,2021-09-10 08:03:00,1.1836,1.1837,1.1834,1.1837,0
58,2021-09-10 08:02:00,1.1835,1.1837,1.1833,1.1837,0
59,2021-09-10 08:01:00,1.1834,1.1836,1.1832,1.1834,0
60,2021-09-10 08:00:00,1.1833,1.1835,1.1831,1.1834,0
61,2021-09-10 07:59:00,1.1831,1.1834,1.1831,1.1833,0
62,2021-09-10 07:58:00,1.1833,1.1833,1.1830,1.1833,0
63,2021-09-10 07:57:00,1.1833,1.1833,1.1830,1.1832,0
64,2021-09-10 07:56:00,1.1833,1.1833,1.1830,1.1833,0
65,2021-09-10 07:55:00,1.1834,1.1835,1.1831,1.1833,0
66,2021-09-10 07:54:00,1.1834,1.1835,1.1832,1.1834,0
67,2021-09-10 07:53:00,1.1835,1.1835,1.1832,1.1834,0
68,2021-09-10 07:52:00,1.1835,1.1836,1.1833,1.1835,0
69,2021-09-10 07:51:00,1.1835,1.1836,1.1834,1.1835,0
70,2021-09-10 07:50:00,1.1835,1.1835,1.1833,1.1835,0
71,2021-09-10 07:49:00,1.1835,1.1836,1.1833,1.1835,0
72,2021-09-10 07:48:00,1.1836,1.1836,1.1833,1.1833,0
73,2021-09-10 07:47:00,1.1835,1.1836,1.1834,1.1835,0
74,2021-09-10 07:46:00,1.1835,1.1836,1.1833,1.1835,0
75,2021-09-10 07:45:00,1.1837,1.1837,1.1834,1.1836,0
76,2021-09-10 07:44:00,1.1836,1.1837,1.1834,1.1837,0
77,2021-09-10 07:43:00,1.1835,1.1837,1.1834,1.1835,0
78,2021-09-10 07:42:00,1.1835,1.1837,1.1834,1.1835,0
79,2021-09-10 07:41:00,1.1835,1.1836,1.1834,1.1834,0
80,2021-09-10 07:40:00,1.1835,1.1836,1.1833,1.1835,0
81,2021-09-10 07:39:00,1.1835,1.1836,1.1833,1.1836,0
82,2021-09-10 07:38:00,1.1834,1.1836,1.1833,1.1834,0
83,2021-09-10 07:37:00,1.1834,1.1836,1.1833,1.1835,0
84,2021-09-10 07:36:00,1.1836,1.1836,1.1833,1.1835,0
85,2021-09-10 07:35:00,1.1835,1.1836,1.1833,1.1834,0
86,2021-09-10 07:34:00,1.1834,1.1836,1.1833,1.1835,0
87,2021-09-10 07:33:00,1.1834,1.1835,1.1832,1.1835,0
88,2021-09-10 07:32:00,1.1834,1.1835,1.1833,1.1834,0
89,2021-09-10 07:31:00,1.1834,1.1835,1.1832,1.1834,0
90,2021-09-10 07:30:00,1.1833,1.1835,1.1832,1.1834,0
91,2021-09-10 07:29:00,1.1835,1.1836,1.1833,1.1835,0
92,2021-09-10 07:28:00,1.1835,1.1836,1.1833,1.1835,0
93,2021-09-10 07:27:00,1.1834,1.1835,1.1832,1.1835,0
94,2021-09-10 07:26:00,1.1834,1.1834,1.1832,1.1834,0
95,2021-09-10 07:25:00,1.1835,1.1835,1.1832,1.1833,0
96,2021-09-10 07:24:00,1.1834,1.1835,1.1833,1.1834,0
97,2021-09-10 07:23:00,1.1833,1.1834,1.1831,1.1834,0
98,2021-09-10 07:22:00,1.1833,1.1834,1.1831,1.1833,0
99,2021-09-10 07:21:00,1.1833,1.1834,1.1831,1.1833,0
100,2021-09-10 07:20:00,1.1833,1.1834,1.1831,1.1832,0
101,2021-09-10 07:19:00,1.1832,1.1833,1.1830,1.1832,0
102,2021-09-10 07:18:00,1.1831,1.1832,1.1829,1.1831,0
103,2021-09-10 07:17:00,1.1830,1.1831,1.1828,1.1831,0
104,2021-09-10 07:16:00,1.1830,1.1831,1.1828,1.1830,0
105,2021-09-10 07:15:00,1.1831,1.1831,1.1828,1.1829,0
106,2021-09-10 07:14:00,1.1831,1.1831,1.1828,1.1831,0
107,2021-09-10 07:13:00,1.1831,1.1831,1.1829,1.1831,0
108,2021-09-10 07:12:00,1.1831,1.1831,1.1828,1.1831,0
109,2021-09-10 07:11:00,1.1832,1.1832,1.1829,1.1831,0
110,2021-09-10 07:10:00,1.1832,1.1832,1.1829,1.1830,0
111,2021-09-10 07:09:00,1.1833,1.1833,1.1830,1.1832,0
112,2021-09-10 07:08:00,1.1832,1.1833,1.1831,1.1833,0
113,2021-09-10 07:07:00,1.1832,1.1833,1.1831,1.1833,0
114,2021-09-10 07:06:00,1.1833,1.1833,1.1829,1.1832,0
115,2021-09-10 07:05:00,1.1831,1.1833,1.1830,1.1832,0
116,2021-09-10 07:04:00,1.1831,1.1832,1.1829,1.1831,0
117,2021-09-10 07:03:00,1.1831,1.1832,1.1830,1.1830,0
118,2021-09-10 07:02:00,1.1830,1.1831,1.1829,1.1831,0
119,2021-09-10 07:01:00,1.1829,1.1830,1.1827,1.1830,0
120,2021-09-10 07:00:00,1.1829,1.1831,1.1828,1.1829,0
121,2021-09-10 06:59:00,1.1830,1.1831,1.1828,1.1830,0
122,2021-09-10 06:58:00,1.1830,1.1830,1.1827,1.1829,0
123,2021-09-10 06:57:00,1.1829,1.1830,1.1827,1.1828,0
124,2021-09-10 06:56:00,1.1828,1.1829,1.1827,1.1828,0
125,2021-09-10 06:55:00,1.1827,1.1829,1.1826,1.1828,0
126,2021-09-10 06:54:00,1.1829,1.1830,1.1826,1.1827,0
127,2021-09-10 06:53:00,1.1829,1.1830,1.1828,1.1830,0
128,2021-09-10 06:52:00,1.1827,1.1829,1.1827,1.1829,0
129,2021-09-10 06:51:00,1.1829,1.1829,1.1825,1.1828,0
130,2021-09-10 06:50:00,1.1829,1.1829,1.1826,1.1829,0
131,2021-09-10 06:49:00,1.1829,1.1830,1.1827,1.1829,0
132,2021-09-10 06:48:00,1.1831,1.1831,1.1828,1.1829,0
133,2021-09-10 06:47:00,1.1830,1.1831,1.1828,1.1829,0
134,2021-09-10 06:46:00,1.1831,1.1831,1.1829,1.1830,0
135,2021-09-10 06:45:00,1.1831,1.1832,1.1829,1.1831,0
136,2021-09-10 06:44:00,1.1833,1.1833,1.1830,1.1832,0
137,2021-09-10 06:43:00,1.1831,1.1833,1.1830,1.1831,0
138,2021-09-10 06:42:00,1.1831,1.1832,1.1829,1.1830,0
139,2021-09-10 06:41:00,1.1829,1.1833,1.1829,1.1830,0
140,2021-09-10 06:40:00,1.1831,1.1832,1.1830,1.1831,0
141,2021-09-10 06:39:00,1.1830,1.1831,1.1828,1.1831,0
142,2021-09-10 06:38:00,1.1831,1.1832,1.1829,1.1831,0
143,2021-09-10 06:37:00,1.1832,1.1832,1.1829,1.1831,0
144,2021-09-10 06:36:00,1.1831,1.1832,1.1829,1.1830,0
145,2021-09-10 06:35:00,1.1829,1.1831,1.1828,1.1831,0
146,2021-09-10 06:34:00,1.1831,1.1831,1.1829,1.1830,0
147,2021-09-10 06:33:00,1.1831,1.1832,1.1829,1.1831,0
148,2021-09-10 06:32:00,1.1832,1.1832,1.1829,1.1831,0
149,2021-09-10 06:31:00,1.1832,1.1832,1.1830,1.1831,0
150,2021-09-10 06:30:00,1.1832,1.1833,1.1830,1.1832,0
151,2021-09-10 06:29:00,1.1832,1.1833,1.1830,1.1832,0
152,2021-09-10 06:28:00,1.1829,1.1833,1.1829,1.1833,0
153,2021-09-10 06:27:00,1.1832,1.1832,1.1829,1.1831,0
154,2021-09-10 06:26:00,1.1832,1.1832,1.1830,1.1832,0
155,2021-09-10 06:25:00,1.1832,1.1832,1.1829,1.1831,0
156,2021-09-10 06:24:00,1.1832,1.1832,1.1830,1.1832,0
157,2021-09-10 06:23:00,1.1833,1.1834,1.1830,1.1832,0
158,2021-09-10 06:22:00,1.1833,1.1834,1.1831,1.1832,0
159,2021-09-10 06:21:00,1.1834,1.1834,1.1831,1.1833,0
160,2021-09-10 06:20:00,1.1835,1.1835,1.1832,1.1833,0
161,2021-09-10 06:19:00,1.1835,1.1836,1.1832,1.1835,0
162,2021-09-10 06:18:00,1.1836,1.1836,1.1833,1.1835,0
163,2021-09-10 06:17:00,1.1836,1.1837,1.1833,1.1836,0
164,2021-09-10 06:16:00,1.1836,1.1837,1.1833,1.1835,0
165,2021-09-10 06:15:00,1.1836,1.1836,1.1833,1.1836,0
166,2021-09-10 06:14:00,1.1836,1.1836,1.1833,1.1836,0
167,2021-09-10 06:13:00,1.1836,1.1837,1.1834,1.1836,0
168,2021-09-10 06:12:00,1.1834,1.1836,1.1833,1.1834,0
169,2021-09-10 06:11:00,1.1836,1.1836,1.1833,1.1835,0
170,2021-09-10 06:10:00,1.1836,1.1836,1.1834,1.1836,0
171,2021-09-10 06:09:00,1.1838,1.1838,1.1834,1.1836,0
172,2021-09-10 06:08:00,1.1836,1.1838,1.1834,1.1837,0
173,2021-09-10 06:07:00,1.1836,1.1836,1.1834,1.1836,0
174,2021-09-10 06:06:00,1.1835,1.1836,1.1833,1.1836,0
175,2021-09-10 06:05:00,1.1836,1.1836,1.1833,1.1835,0
176,2021-09-10 06:04:00,1.1838,1.1838,1.1834,1.1836,0
177,2021-09-10 06:03:00,1.1836,1.1838,1.1835,1.1838,0
178,2021-09-10 06:02:00,1.1837,1.1837,1.1834,1.1835,0
179,2021-09-10 06:01:00,1.1837,1.1837,1.1835,1.1835,0
180,2021-09-10 06:00:00,1.1836,1.1838,1.1834,1.1837,0
181,2021-09-10 05:59:00,1.1835,1.1836,1.1834,1.1836,0
182,2021-09-10 05:58:00,1.1834,1.1836,1.1833,1.1835,0
183,2021-09-10 05:57:00,1.1834,1.1835,1.1832,1.1834,0
184,2021-09-10 05:56:00,1.1835,1.1836,1.1833,1.1834,0
185,2021-09-10 05:55:00,1.1838,1.1838,1.1833,1.1835,0
186,2021-09-10 05:54:00,1.1838,1.1839,1.1836,1.1838,0
187,2021-09-10 05:53:00,1.1839,1.1839,1.1835,1.1838,0
188,2021-09-10 05:52:00,1.1840,1.1841,1.1837,1.1839,0
189,2021-09-10 05:51:00,1.1841,1.1841,1.1838,1.1840,0
190,2021-09-10 05:50:00,1.1842,1.1842,1.1839,1.1841,0
191,2021-09-10 05:49:00,1.1842,1.1842,1.1840,1.1842,0
192,2021-09-10 05:48:00,1.1842,1.1842,1.1839,1.1841,0
193,2021-09-10 05:47:00,1.1841,1.1842,1.1839,1.1842,0
194,2021-09-10 05:46:00,1.1842,1.1842,1.1839,1.1840,0
195,2021-09-10 05:45:00,1.1843,1.1843,1.1840,1.1840,0
196,2021-09-10 05:44:00,1.1842,1.1843,1.1841,1.1843,0
197,2021-09-10 05:43:00,1.1843,1.1844,1.1841,1.1842,0
198,2021-09-10 05:42:00,1.1845,1.1845,1.1841,1.1843,0
199,2021-09-10 05:41:00,1.1844,1.1845,1.1842,1.1845,0
200,2021-09-10 05:40:00,1.1844,1.1845,1.1842,1.1845,0
201,2021-09-10 05:39:00,1.1843,1.1844,1.1841,1.1844,0
202,2021-09-10 05:38:00,1.1845,1.1845,1.1842,1.1844,0
203,2021-09-10 05:37:00,1.1845,1.1846,1.1843,1.1845,0
204,2021-09-10 05:36:00,1.1843,1.1845,1.1842,1.1845,0
205,2021-09-10 05:35:00,1.1844,1.1845,1.1842,1.1842,0
206,2021-09-10 05:34:00,1.1847,1.1847,1.1842,1.1844,0
207,2021-09-10 05:33:00,1.1846,1.1847,1.1845,1.1846,0
208,2021-09-10 05:32:00,1.1847,1.1847,1.1845,1.1846,0
209,2021-09-10 05:31:00,1.1847,1.1847,1.1845,1.1847,0
210,2021-09-10 05:30:00,1.1845,1.1847,1.1844,1.1847,0
211,2021-09-10 05:29:00,1.1845,1.1847,1.1844,1.1846,0
212,2021-09-10 05:28:00,1.1846,1.1847,1.1844,1.1847,0
213,2021-09-10 05:27:00,1.1846,1.1847,1.1844,1.1845,0
214,2021-09-10 05:26:00,1.1847,1.1847,1.1844,1.1845,0
215,2021-09-10 05:25:00,1.1845,1.1847,1.1845,1.1846,0
216,2021-09-10 05:24:00,1.1846,1.1847,1.1844,1.1846,0
217,2021-09-10 05:23:00,1.1847,1.1847,1.1845,1.1846,0
218,2021-09-10 05:22:00,1.1844,1.1847,1.1844,1.1845,0
219,2021-09-10 05:21:00,1.1845,1.1846,1.1843,1.1846,0
220,2021-09-10 05:20:00,1.1845,1.1845,1.1843,1.1845,0
221,2021-09-10 05:19:00,1.1844,1.1845,1.1842,1.1845,0
222,2021-09-10 05:18:00,1.1844,1.1845,1.1842,1.1844,0
223,2021-09-10 05:17:00,1.1845,1.1845,1.1843,1.1845,0
224,2021-09-10 05:16:00,1.1846,1.1846,1.1843,1.1845,0
225,2021-09-10 05:15:00,1.1845,1.1846,1.1844,1.1846,0
226,2021-09-10 05:14:00,1.1845,1.1847,1.1844,1.1846,0
227,2021-09-10 05:13:00,1.1847,1.1848,1.1844,1.1846,0
228,2021-09-10 05:12:00,1.1845,1.1848,1.1843,1.1847,0
229,2021-09-10 05:11:00,1.1846,1.1846,1.1843,1.1844,0
230,2021-09-10 05:10:00,1.1845,1.1847,1.1844,1.1846,0
231,2021-09-10 05:09:00,1.1846,1.1847,1.1843,1.1845,0
232,2021-09-10 05:08:00,1.1848,1.1848,1.1845,1.1846,0
233,2021-09-10 05:07:00,1.1848,1.1848,1.1846,1.1848,0
234,2021-09-10 05:06:00,1.1847,1.1848,1.1846,1.1848,0
235,2021-09-10 05:05:00,1.1847,1.1848,1.1845,1.1847,0
236,2021-09-10 05:04:00,1.1847,1.1847,1.1846,1.1846,0
237,2021-09-10 05:03:00,1.1847,1.1848,1.1845,1.1846,0
238,2021-09-10 05:02:00,1.1846,1.1848,1.1845,1.1848,0
239,2021-09-10 05:01:00,1.1847,1.1847,1.1845,1.1846,0
240,2021-09-10 05:00:00,1.1848,1.1848,1.1845,1.1847,0
241,2021-09-10 04:59:00,1.1848,1.1848,1.1846,1.1847,0
242,2021-09-10 04:58:00,1.1846,1.1848,1.1846,1.1848,0
243,2021-09-10 04:57:00,1.1846,1.1848,1.1845,1.1848,0
244,2021-09-10 04:56:00,1.1847,1.1847,1.1845,1.1846,0
245,2021-09-10 04:55:00,1.1847,1.1848,1.1845,1.1847,0
246,2021-09-10 04:54:00,1.1846,1.1847,1.1845,1.1847,0
247,2021-09-10 04:53:00,1.1847,1.1847,1.1844,1.1846,0
248,2021-09-10 04:52:00,1.1847,1.1847,1.1846,1.1847,0
249,2021-09-10 04:51:00,1.1848,1.1849,1.1845,1.1847,0
250,2021-09-10 04:50:00,1.1849,1.1850,1.1846,1.1847,0
251,2021-09-10 04:49:00,1.1848,1.1849,1.1847,1.1849,0
252,2021-09-10 04:48:00,1.1847,1.1849,1.1846,1.1849,0
253,2021-09-10 04:47:00,1.1846,1.1848,1.1844,1.1847,0
254,2021-09-10 04:46:00,1.1847,1.1847,1.1844,1.1846,0
255,2021-09-10 04:45:00,1.1845,1.1847,1.1845,1.1847,0
256,2021-09-10 04:44:00,1.1847,1.1848,1.1845,1.1847,0
257,2021-09-10 04:43:00,1.1848,1.1848,1.1845,1.1847,0
258,2021-09-10 04:42:00,1.1847,1.1848,1.1846,1.1848,0
259,2021-09-10 04:41:00,1.1847,1.1847,1.1845,1.1847,0
260,2021-09-10 04:40:00,1.1848,1.1849,1.1845,1.1846,0
261,2021-09-10 04:39:00,1.1849,1.1849,1.1847,1.1848,0
262,2021-09-10 04:38:00,1.1849,1.1850,1.1847,1.1849,0
263,2021-09-10 04:37:00,1.1849,1.1849,1.1847,1.1849,0
264,2021-09-10 04:36:00,1.1850,1.1850,1.1847,1.1848,0
265,2021-09-10 04:35:00,1.1848,1.1850,1.1847,1.1850,0
266,2021-09-10 04:34:00,1.1847,1.1850,1.1846,1.1849,0
267,2021-09-10 04:33:00,1.1850,1.1850,1.1846,1.1848,0
268,2021-09-10 04:32:00,1.1850,1.1851,1.1848,1.1850,0
269,2021-09-10 04:31:00,1.1849,1.1851,1.1847,1.1850,0
270,2021-09-10 04:30:00,1.1848,1.1850,1.1846,1.1849,0
271,2021-09-10 04:29:00,1.1849,1.1850,1.1846,1.1848,0
272,2021-09-10 04:28:00,1.1849,1.1850,1.1847,1.1847,0
273,2021-09-10 04:27:00,1.1847,1.1850,1.1846,1.1849,0
274,2021-09-10 04:26:00,1.1847,1.1849,1.1846,1.1848,0
275,2021-09-10 04:25:00,1.1846,1.1848,1.1846,1.1847,0
276,2021-09-10 04:24:00,1.1847,1.1847,1.1845,1.1846,0
277,2021-09-10 04:23:00,1.1847,1.1848,1.1845,1.1847,0
278,2021-09-10 04:22:00,1.1846,1.1847,1.1845,1.1847,0
279,2021-09-10 04:21:00,1.1848,1.1848,1.1844,1.1845,0
280,2021-09-10 04:20:00,1.1848,1.1848,1.1845,1.1847,0
281,2021-09-10 04:19:00,1.1848,1.1849,1.1845,1.1848,0
282,2021-09-10 04:18:00,1.1848,1.1849,1.1846,1.1848,0
283,2021-09-10 04:17:00,1.1849,1.1849,1.1846,1.1848,0
284,2021-09-10 04:16:00,1.1849,1.1849,1.1846,1.1848,0
285,2021-09-10 04:15:00,1.1849,1.1850,1.1847,1.1848,0
286,2021-09-10 04:14:00,1.1847,1.1850,1.1846,1.1848,0
287,2021-09-10 04:13:00,1.1847,1.1849,1.1845,1.1847,0
288,2021-09-10 04:12:00,1.1849,1.1850,1.1846,1.1847,0
289,2021-09-10 04:11:00,1.1846,1.1850,1.1844,1.1849,0
290,2021-09-10 04:10:00,1.1843,1.1847,1.1841,1.1846,0
291,2021-09-10 04:09:00,1.1842,1.1844,1.1840,1.1843,0
292,2021-09-10 04:08:00,1.1843,1.1845,1.1841,1.1842,0
293,2021-09-10 04:07:00,1.1843,1.1845,1.1843,1.1844,0
294,2021-09-10 04:06:00,1.1844,1.1844,1.1841,1.1844,0
295,2021-09-10 04:05:00,1.1842,1.1845,1.1840,1.1844,0
296,2021-09-10 04:04:00,1.1843,1.1843,1.1840,1.1842,0
297,2021-09-10 04:03:00,1.1843,1.1843,1.1841,1.1841,0
298,2021-09-10 04:02:00,1.1844,1.1844,1.1841,1.1843,0
299,2021-09-10 04:01:00,1.1841,1.1844,1.1841,1.1844,0
300,2021-09-10 04:00:00,1.1842,1.1843,1.1840,1.1842,0
301,2021-09-10 03:59:00,1.1842,1.1843,1.1840,1.1842,0
302,2021-09-10 03:58:00,1.1842,1.1843,1.1840,1.1842,0
303,2021-09-10 03:57:00,1.1843,1.1843,1.1840,1.1842,0
304,2021-09-10 03:56:00,1.1842,1.1843,1.1840,1.1842,0
305,2021-09-10 03:55:00,1.1843,1.1844,1.1841,1.1842,0
306,2021-09-10 03:54:00,1.1844,1.1844,1.1841,1.1844,0
307,2021-09-10 03:53:00,1.1843,1.1844,1.1841,1.1844,0
308,2021-09-10 03:52:00,1.1842,1.1844,1.1841,1.1843,0
309,2021-09-10 03:51:00,1.1843,1.1844,1.1840,1.1841,0
310,2021-09-10 03:50:00,1.1841,1.1843,1.1839,1.1843,0
311,2021-09-10 03:49:00,1.1839,1.1841,1.1838,1.1840,0
312,2021-09-10 03:48:00,1.1837,1.1841,1.1837,1.1840,0
313,2021-09-10 03:47:00,1.1839,1.1839,1.1836,1.1837,0
314,2021-09-10 03:46:00,1.1839,1.1840,1.1837,1.1839,0
315,2021-09-10 03:45:00,1.1837,1.1839,1.1836,1.1839,0
316,2021-09-10 03:44:00,1.1835,1.1837,1.1835,1.1836,0
317,2021-09-10 03:43:00,1.1838,1.1838,1.1835,1.1837,0
318,2021-09-10 03:42:00,1.1841,1.1841,1.1837,1.1838,0
319,2021-09-10 03:41:00,1.1841,1.1841,1.1839,1.1841,0
320,2021-09-10 03:40:00,1.1841,1.1843,1.1840,1.1841,0
321,2021-09-10 03:39:00,1.1843,1.1843,1.1840,1.1842,0
322,2021-09-10 03:38:00,1.1840,1.1843,1.1839,1.1841,0
323,2021-09-10 03:37:00,1.1839,1.1840,1.1837,1.1839,0
324,2021-09-10 03:36:00,1.1839,1.1839,1.1837,1.1839,0
325,2021-09-10 03:35:00,1.1840,1.1840,1.1837,1.1839,0
326,2021-09-10 03:34:00,1.1839,1.1840,1.1837,1.1839,0
327,2021-09-10 03:33:00,1.1840,1.1840,1.1837,1.1840,0
328,2021-09-10 03:32:00,1.1839,1.1840,1.1837,1.1840,0
329,2021-09-10 03:31:00,1.1839,1.1840,1.1837,1.1839,0
330,2021-09-10 03:30:00,1.1839,1.1840,1.1837,1.1839,0
331,2021-09-10 03:29:00,1.1836,1.1839,1.1835,1.1838,0
332,2021-09-10 03:28:00,1.1838,1.1839,1.1835,1.1837,0
333,2021-09-10 03:27:00,1.1839,1.1839,1.1836,1.1838,0
334,2021-09-10 03:26:00,1.1838,1.1840,1.1836,1.1839,0
335,2021-09-10 03:25:00,1.1837,1.1839,1.1835,1.1838,0
336,2021-09-10 03:24:00,1.1837,1.1838,1.1835,1.1837,0
337,2021-09-10 03:23:00,1.1837,1.1838,1.1834,1.1837,0
338,2021-09-10 03:22:00,1.1836,1.1837,1.1834,1.1837,0
339,2021-09-10 03:21:00,1.1834,1.1836,1.1833,1.1836,0
340,2021-09-10 03:20:00,1.1834,1.1835,1.1832,1.1835,0
341,2021-09-10 03:19:00,1.1835,1.1836,1.1832,1.1833,0
342,2021-09-10 03:18:00,1.1837,1.1837,1.1834,1.1835,0
343,2021-09-10 03:17:00,1.1837,1.1838,1.1835,1.1837,0
344,2021-09-10 03:16:00,1.1836,1.1838,1.1834,1.1837,0
345,2021-09-10 03:15:00,1.1835,1.1836,1.1832,1.1835,0
346,2021-09-10 03:14:00,1.1835,1.1836,1.1833,1.1834,0
347,2021-09-10 03:13:00,1.1833,1.1835,1.1831,1.1835,0
348,2021-09-10 03:12:00,1.1833,1.1834,1.1831,1.1833,0
349,2021-09-10 03:11:00,1.1834,1.1834,1.1832,1.1833,0
350,2021-09-10 03:10:00,1.1834,1.1834,1.1832,1.1834,0
351,2021-09-10 03:09:00,1.1832,1.1834,1.1830,1.1834,0
352,2021-09-10 03:08:00,1.1830,1.1832,1.1829,1.1831,0
353,2021-09-10 03:07:00,1.1831,1.1831,1.1829,1.1830,0
354,2021-09-10 03:06:00,1.1830,1.1831,1.1829,1.1831,0
355,2021-09-10 03:05:00,1.1831,1.1831,1.1828,1.1830,0
356,2021-09-10 03:04:00,1.1830,1.1831,1.1828,1.1831,0
357,2021-09-10 03:03:00,1.1829,1.1830,1.1827,1.1830,0
358,2021-09-10 03:02:00,1.1828,1.1830,1.1826,1.1829,0
359,2021-09-10 03:01:00,1.1826,1.1828,1.1825,1.1828,0
360,2021-09-10 03:00:00,1.1829,1.1829,1.1826,1.1828,0
361,2021-09-10 02:59:00,1.1828,1.1829,1.1826,1.1829,0
362,2021-09-10 02:58:00,1.1825,1.1828,1.1825,1.1828,0
363,2021-09-10 02:57:00,1.1825,1.1826,1.1824,1.1826,0
364,2021-09-10 02:56:00,1.1826,1.1826,1.1823,1.1825,0
365,2021-09-10 02:55:00,1.1826,1.1826,1.1824,1.1826,0
366,2021-09-10 02:54:00,1.1825,1.1826,1.1824,1.1825,0
367,2021-09-10 02:53:00,1.1825,1.1825,1.1823,1.1825,0
368,2021-09-10 02:52:00,1.1825,1.1826,1.1823,1.1825,0
369,2021-09-10 02:51:00,1.1826,1.1826,1.1823,1.1825,0
370,2021-09-10 02:50:00,1.1827,1.1827,1.1824,1.1826,0
371,2021-09-10 02:49:00,1.1826,1.1827,1.1825,1.1826,0
372,2021-09-10 02:48:00,1.1827,1.1827,1.1824,1.1826,0
373,2021-09-10 02:47:00,1.1825,1.1827,1.1824,1.1825,0
374,2021-09-10 02:46:00,1.1826,1.1826,1.1824,1.1824,0
375,2021-09-10 02:45:00,1.1827,1.1827,1.1824,1.1826,0
376,2021-09-10 02:44:00,1.1826,1.1827,1.1825,1.1827,0
377,2021-09-10 02:43:00,1.1826,1.1827,1.1824,1.1826,0
378,2021-09-10 02:42:00,1.1827,1.1827,1.1824,1.1826,0
379,2021-09-10 02:41:00,1.1825,1.1827,1.1824,1.1827,0
380,2021-09-10 02:40:00,1.1827,1.1827,1.1824,1.1825,0
381,2021-09-10 02:39:00,1.1827,1.1827,1.1825,1.1827,0
382,2021-09-10 02:38:00,1.1825,1.1828,1.1825,1.1826,0
383,2021-09-10 02:37:00,1.1825,1.1827,1.1825,1.1827,0
384,2021-09-10 02:36:00,1.1826,1.1826,1.1824,1.1826,0
385,2021-09-10 02:35:00,1.1826,1.1826,1.1824,1.1826,0
386,2021-09-10 02:34:00,1.1826,1.1827,1.1824,1.1826,0
387,2021-09-10 02:33:00,1.1827,1.1827,1.1824,1.1826,0
388,2021-09-10 02:32:00,1.1826,1.1827,1.1824,1.1827,0
389,2021-09-10 02:31:00,1.1826,1.1827,1.1824,1.1826,0
390,2021-09-10 02:30:00,1.1827,1.1827,1.1825,1.1826,0
391,2021-09-10 02:29:00,1.1827,1.1828,1.1825,1.1827,0
392,2021-09-10 02:28:00,1.1826,1.1827,1.1824,1.1827,0
393,2021-09-10 02:27:00,1.1826,1.1826,1.1824,1.1826,0
394,2021-09-10 02:26:00,1.1827,1.1827,1.1824,1.1826,0
395,2021-09-10 02:25:00,1.1827,1.1828,1.1825,1.1827,0
396,2021-09-10 02:24:00,1.1825,1.1827,1.1825,1.1826,0
397,2021-09-10 02:23:00,1.1826,1.1827,1.1825,1.1826,0
398,2021-09-10 02:22:00,1.1827,1.1828,1.1825,1.1826,0
399,2021-09-10 02:21:00,1.1827,1.1827,1.1825,1.1825,0
400,2021-09-10 02:20:00,1.1827,1.1827,1.1825,1.1827,0
401,2021-09-10 02:19:00,1.1827,1.1828,1.1825,1.1827,0
402,2021-09-10 02:18:00,1.1827,1.1828,1.1826,1.1826,0
403,2021-09-10 02:17:00,1.1827,1.1828,1.1825,1.1826,0
404,2021-09-10 02:16:00,1.1827,1.1828,1.1825,1.1827,0
405,2021-09-10 02:15:00,1.1827,1.1827,1.1824,1.1827,0
406,2021-09-10 02:14:00,1.1828,1.1829,1.1826,1.1827,0
407,2021-09-10 02:13:00,1.1827,1.1828,1.1826,1.1827,0
408,2021-09-10 02:12:00,1.1827,1.1828,1.1826,1.1828,0
409,2021-09-10 02:11:00,1.1827,1.1828,1.1825,1.1827,0
410,2021-09-10 02:10:00,1.1827,1.1828,1.1825,1.1826,0
411,2021-09-10 02:09:00,1.1827,1.1828,1.1825,1.1826,0
412,2021-09-10 02:08:00,1.1828,1.1828,1.1826,1.1826,0
413,2021-09-10 02:07:00,1.1829,1.1830,1.1826,1.1828,0
414,2021-09-10 02:06:00,1.1830,1.1830,1.1827,1.1828,0
415,2021-09-10 02:05:00,1.1829,1.1831,1.1828,1.1830,0
416,2021-09-10 02:04:00,1.1828,1.1830,1.1827,1.1830,0
417,2021-09-10 02:03:00,1.1829,1.1830,1.1827,1.1829,0
418,2021-09-10 02:02:00,1.1828,1.1829,1.1826,1.1828,0
419,2021-09-10 02:01:00,1.1828,1.1829,1.1826,1.1827,0
420,2021-09-10 02:00:00,1.1827,1.1829,1.1825,1.1827,0
421,2021-09-10 01:59:00,1.1829,1.1829,1.1825,1.1827,0
422,2021-09-10 01:58:00,1.1826,1.1829,1.1826,1.1829,0
423,2021-09-10 01:57:00,1.1828,1.1829,1.1825,1.1827,0
424,2021-09-10 01:56:00,1.1829,1.1829,1.1826,1.1828,0
425,2021-09-10 01:55:00,1.1829,1.1829,1.1827,1.1829,0
426,2021-09-10 01:54:00,1.1830,1.1830,1.1827,1.1829,0
427,2021-09-10 01:53:00,1.1829,1.1830,1.1828,1.1830,0
428,2021-09-10 01:52:00,1.1829,1.1829,1.1828,1.1829,0
429,2021-09-10 01:51:00,1.1831,1.1831,1.1828,1.1829,0
430,2021-09-10 01:50:00,1.1830,1.1831,1.1827,1.1831,0
431,2021-09-10 01:49:00,1.1830,1.1830,1.1828,1.1829,0
432,2021-09-10 01:48:00,1.1831,1.1831,1.1828,1.1830,0
433,2021-09-10 01:47:00,1.1832,1.1832,1.1830,1.1831,0
434,2021-09-10 01:46:00,1.1831,1.1832,1.1830,1.1832,0
435,2021-09-10 01:45:00,1.1833,1.1833,1.1831,1.1832,0
436,2021-09-10 01:44:00,1.1833,1.1833,1.1831,1.1833,0
437,2021-09-10 01:43:00,1.1832,1.1833,1.1831,1.1833,0
438,2021-09-10 01:42:00,1.1833,1.1833,1.1830,1.1831,0
439,2021-09-10 01:41:00,1.1833,1.1833,1.1831,1.1832,0
440,2021-09-10 01:40:00,1.1833,1.1834,1.1831,1.1833,0
441,2021-09-10 01:39:00,1.1833,1.1833,1.1831,1.1833,0
442,2021-09-10 01:38:00,1.1832,1.1833,1.1830,1.1831,0
443,2021-09-10 01:37:00,1.1833,1.1833,1.1831,1.1833,0
444,2021-09-10 01:36:00,1.1832,1.1833,1.1830,1.1833,0
445,2021-09-10 01:35:00,1.1833,1.1834,1.1831,1.1833,0
446,2021-09-10 01:34:00,1.1833,1.1834,1.1831,1.1833,0
447,2021-09-10 01:33:00,1.1833,1.1834,1.1831,1.1833,0
448,2021-09-10 01:32:00,1.1833,1.1834,1.1831,1.1833,0
449,2021-09-10 01:31:00,1.1832,1.1833,1.1831,1.1832,0
450,2021-09-10 01:30:00,1.1832,1.1832,1.1830,1.1832,0
451,2021-09-10 01:29:00,1.1831,1.1832,1.1830,1.1832,0
452,2021-09-10 01:28:00,1.1832,1.1833,1.1830,1.1831,0
453,2021-09-10 01:27:00,1.1832,1.1832,1.1831,1.1832,0
454,2021-09-10 01:26:00,1.1833,1.1833,1.1830,1.1832,0
455,2021-09-10 01:25:00,1.1831,1.1833,1.1830,1.1832,0
456,2021-09-10 01:24:00,1.1831,1.1833,1.1830,1.1832,0
457,2021-09-10 01:23:00,1.1831,1.1832,1.1830,1.1831,0
458,2021-09-10 01:22:00,1.1831,1.1831,1.1830,1.1831,0
459,2021-09-10 01:21:00,1.1831,1.1831,1.1829,1.1831,0
460,2021-09-10 01:20:00,1.1831,1.1831,1.1829,1.1831,0
461,2021-09-10 01:19:00,1.1830,1.1831,1.1829,1.1831,0
462,2021-09-10 01:18:00,1.1831,1.1831,1.1829,1.1831,0
463,2021-09-10 01:17:00,1.1832,1.1832,1.1829,1.1831,0
464,2021-09-10 01:16:00,1.1832,1.1832,1.1831,1.1832,0
465,2021-09-10 01:15:00,1.1831,1.1832,1.1830,1.1832,0
466,2021-09-10 01:14:00,1.1831,1.1832,1.1830,1.1832,0
467,2021-09-10 01:13:00,1.1832,1.1832,1.1830,1.1830,0
468,2021-09-10 01:12:00,1.1832,1.1832,1.1830,1.1832,0
469,2021-09-10 01:11:00,1.1832,1.1832,1.1830,1.1831,0
470,2021-09-10 01:10:00,1.1832,1.1832,1.1830,1.1832,0
471,2021-09-10 01:09:00,1.1831,1.1832,1.1830,1.1832,0
472,2021-09-10 01:08:00,1.1830,1.1832,1.1830,1.1832,0
473,2021-09-10 01:07:00,1.1831,1.1832,1.1830,1.1831,0
474,2021-09-10 01:06:00,1.1831,1.1831,1.1829,1.1831,0
475,2021-09-10 01:05:00,1.1829,1.1831,1.1828,1.1830,0
476,2021-09-10 01:04:00,1.1831,1.1831,1.1829,1.1830,0
477,2021-09-10 01:03:00,1.1831,1.1831,1.1829,1.1831,0
478,2021-09-10 01:02:00,1.1831,1.1832,1.1829,1.1831,0
479,2021-09-10 01:01:00,1.1830,1.1831,1.1828,1.1830,0
480,2021-09-10 01:00:00,1.1830,1.1830,1.1828,1.1830,0
481,2021-09-10 00:59:00,1.1830,1.1831,1.1828,1.1830,0
482,2021-09-10 00:58:00,1.1830,1.1831,1.1828,1.1830,0
483,2021-09-10 00:57:00,1.1830,1.1831,1.1828,1.1830,0
484,2021-09-10 00:56:00,1.1831,1.1831,1.1829,1.1829,0
485,2021-09-10 00:55:00,1.1829,1.1831,1.1828,1.1831,0
486,2021-09-10 00:54:00,1.1829,1.1830,1.1828,1.1829,0
487,2021-09-10 00:53:00,1.1829,1.1830,1.1827,1.1829,0
488,2021-09-10 00:52:00,1.1829,1.1829,1.1827,1.1829,0
489,2021-09-10 00:51:00,1.1829,1.1829,1.1827,1.1829,0
490,2021-09-10 00:50:00,1.1829,1.1829,1.1827,1.1829,0
491,2021-09-10 00:49:00,1.1828,1.1829,1.1827,1.1829,0
492,2021-09-10 00:48:00,1.1829,1.1829,1.1828,1.1829,0
493,2021-09-10 00:47:00,1.1829,1.1829,1.1827,1.1828,0
494,2021-09-10 00:46:00,1.1828,1.1829,1.1827,1.1829,0
495,2021-09-10 00:45:00,1.1828,1.1829,1.1827,1.1828,0
496,2021-09-10 00:44:00,1.1828,1.1828,1.1826,1.1828,0
497,2021-09-10 00:43:00,1.1827,1.1828,1.1827,1.1828,0
498,2021-09-10 00:42:00,1.1828,1.1828,1.1827,1.1828,0
499,2021-09-10 00:41:00,1.1829,1.1829,1.1827,1.1827,0
500,2021-09-10 00:40:00,1.1829,1.1829,1.1827,1.1829,0
501,2021-09-10 00:39:00,1.1829,1.1829,1.1827,1.1829,0
502,2021-09-10 00:38:00,1.1829,1.1829,1.1827,1.1827,0
503,2021-09-10 00:37:00,1.1828,1.1829,1.1827,1.1829,0
504,2021-09-10 00:36:00,1.1829,1.1829,1.1827,1.1829,0
505,2021-09-10 00:35:00,1.1827,1.1829,1.1827,1.1829,0
506,2021-09-10 00:34:00,1.1828,1.1828,1.1827,1.1828,0
507,2021-09-10 00:33:00,1.1828,1.1828,1.1826,1.1827,0
508,2021-09-10 00:32:00,1.1827,1.1829,1.1827,1.1828,0
509,2021-09-10 00:31:00,1.1829,1.1829,1.1827,1.1828,0
510,2021-09-10 00:30:00,1.1829,1.1829,1.1827,1.1829,0
511,2021-09-10 00:29:00,1.1829,1.1830,1.1828,1.1829,0
512,2021-09-10 00:28:00,1.1828,1.1830,1.1828,1.1830,0
513,2021-09-10 00:27:00,1.1828,1.1829,1.1827,1.1829,0
514,2021-09-10 00:26:00,1.1829,1.1829,1.1828,1.1829,0
515,2021-09-10 00:25:00,1.1829,1.1829,1.1827,1.1829,0
516,2021-09-10 00:24:00,1.1829,1.1830,1.1827,1.1829,0
517,2021-09-10 00:23:00,1.1830,1.1830,1.1828,1.1829,0
518,2021-09-10 00:22:00,1.1829,1.1830,1.1827,1.1829,0
519,2021-09-10 00:21:00,1.1828,1.1830,1.1827,1.1829,0
520,2021-09-10 00:20:00,1.1829,1.1829,1.1828,1.1829,0
521,2021-09-10 00:19:00,1.1828,1.1830,1.1827,1.1829,0
522,2021-09-10 00:18:00,1.1829,1.1830,1.1827,1.1829,0
523,2021-09-10 00:17:00,1.1829,1.1830,1.1827,1.1829,0
524,2021-09-10 00:16:00,1.1829,1.1829,1.1827,1.1828,0
525,2021-09-10 00:15:00,1.1828,1.1829,1.1827,1.1828,0
526,2021-09-10 00:14:00,1.1828,1.1829,1.1827,1.1828,0
527,2021-09-10 00:13:00,1.1828,1.1828,1.1826,1.1827,0
528,2021-09-10 00:12:00,1.1828,1.1828,1.1826,1.1827,0
529,2021-09-10 00:11:00,1.1828,1.1828,1.1826,1.1828,0
530,2021-09-10 00:10:00,1.1828,1.1828,1.1826,1.1827,0
531,2021-09-10 00:09:00,1.1828,1.1828,1.1826,1.1827,0
532,2021-09-10 00:08:00,1.1828,1.1829,1.1826,1.1827,0
533,2021-09-10 00:07:00,1.1827,1.1829,1.1826,1.1828,0
534,2021-09-10 00:06:00,1.1828,1.1829,1.1827,1.1828,0
535,2021-09-10 00:05:00,1.1828,1.1828,1.1826,1.1828,0
536,2021-09-10 00:04:00,1.1829,1.1829,1.1826,1.1827,0
537,2021-09-10 00:03:00,1.1829,1.1829,1.1828,1.1829,0
538,2021-09-10 00:02:00,1.1829,1.1829,1.1827,1.1829,0
539,2021-09-10 00:01:00,1.1829,1.1829,1.1827,1.1828,0
540,2021-09-10 00:00:00,1.1830,1.1830,1.1827,1.1829,0
541,2021-09-09 23:59:00,1.1829,1.1830,1.1828,1.1830,0
542,2021-09-09 23:58:00,1.1829,1.1830,1.1827,1.1829,0
543,2021-09-09 23:57:00,1.1829,1.1831,1.1828,1.1830,0
544,2021-09-09 23:56:00,1.1830,1.1830,1.1828,1.1830,0
545,2021-09-09 23:55:00,1.1830,1.1830,1.1828,1.1830,0
546,2021-09-09 23:54:00,1.1830,1.1830,1.1828,1.1829,0
547,2021-09-09 23:53:00,1.1831,1.1831,1.1828,1.1830,0
548,2021-09-09 23:52:00,1.1830,1.1831,1.1829,1.1830,0
549,2021-09-09 23:51:00,1.1830,1.1831,1.1828,1.1830,0
550,2021-09-09 23:50:00,1.1830,1.1830,1.1828,1.1829,0
551,2021-09-09 23:49:00,1.1830,1.1830,1.1828,1.1830,0
552,2021-09-09 23:48:00,1.1830,1.1830,1.1828,1.1830,0
553,2021-09-09 23:47:00,1.1831,1.1831,1.1828,1.1830,0
554,2021-09-09 23:46:00,1.1831,1.1831,1.1829,1.1831,0
555,2021-09-09 23:45:00,1.1831,1.1831,1.1830,1.1830,0
556,2021-09-09 23:44:00,1.1830,1.1831,1.1829,1.1831,0
557,2021-09-09 23:43:00,1.1830,1.1830,1.1829,1.1830,0
558,2021-09-09 23:42:00,1.1830,1.1830,1.1828,1.1830,0
559,2021-09-09 23:41:00,1.1830,1.1830,1.1828,1.1830,0
560,2021-09-09 23:40:00,1.1829,1.1830,1.1828,1.1829,0
561,2021-09-09 23:39:00,1.1829,1.1831,1.1828,1.1830,0
562,2021-09-09 23:38:00,1.1830,1.1830,1.1828,1.1830,0
563,2021-09-09 23:37:00,1.1830,1.1831,1.1829,1.1830,0
564,2021-09-09 23:36:00,1.1832,1.1832,1.1829,1.1830,0
565,2021-09-09 23:35:00,1.1831,1.1832,1.1830,1.1832,0
566,2021-09-09 23:34:00,1.1831,1.1832,1.1830,1.1831,0
567,2021-09-09 23:33:00,1.1832,1.1832,1.1830,1.1830,0
568,2021-09-09 23:32:00,1.1832,1.1832,1.1830,1.1831,0
569,2021-09-09 23:31:00,1.1832,1.1832,1.1830,1.1831,0
570,2021-09-09 23:30:00,1.1831,1.1832,1.1830,1.1832,0
571,2021-09-09 23:29:00,1.1832,1.1832,1.1830,1.1831,0
572,2021-09-09 23:28:00,1.1832,1.1833,1.1830,1.1832,0
573,2021-09-09 23:27:00,1.1832,1.1833,1.1830,1.1832,0
574,2021-09-09 23:26:00,1.1832,1.1832,1.1830,1.1831,0
575,2021-09-09 23:25:00,1.1832,1.1832,1.1830,1.1831,0
576,2021-09-09 23:24:00,1.1831,1.1832,1.1830,1.1831,0
577,2021-09-09 23:23:00,1.1832,1.1832,1.1830,1.1831,0
578,2021-09-09 23:22:00,1.1830,1.1832,1.1828,1.1831,0
579,2021-09-09 23:21:00,1.1830,1.1830,1.1829,1.1830,0
580,2021-09-09 23:20:00,1.1830,1.1831,1.1829,1.1830,0
581,2021-09-09 23:19:00,1.1830,1.1831,1.1828,1.1830,0
582,2021-09-09 23:18:00,1.1830,1.1831,1.1828,1.1830,0
583,2021-09-09 23:17:00,1.1831,1.1831,1.1829,1.1830,0
584,2021-09-09 23:16:00,1.1831,1.1831,1.1829,1.1830,0
585,2021-09-09 23:15:00,1.1830,1.1831,1.1829,1.1831,0
586,2021-09-09 23:14:00,1.1830,1.1831,1.1829,1.1830,0
587,2021-09-09 23:13:00,1.1830,1.1831,1.1828,1.1830,0
588,2021-09-09 23:12:00,1.1832,1.1832,1.1829,1.1830,0
589,2021-09-09 23:11:00,1.1832,1.1832,1.1830,1.1831,0
590,2021-09-09 23:10:00,1.1832,1.1833,1.1830,1.1832,0
591,2021-09-09 23:09:00,1.1831,1.1833,1.1831,1.1832,0
592,2021-09-09 23:08:00,1.1832,1.1833,1.1830,1.1832,0
593,2021-09-09 23:07:00,1.1833,1.1833,1.1831,1.1832,0
594,2021-09-09 23:06:00,1.1832,1.1833,1.1830,1.1833,0
595,2021-09-09 23:05:00,1.1832,1.1833,1.1830,1.1831,0
596,2021-09-09 23:04:00,1.1832,1.1833,1.1830,1.1832,0
597,2021-09-09 23:03:00,1.1832,1.1832,1.1830,1.1832,0
598,2021-09-09 23:02:00,1.1832,1.1833,1.1830,1.1831,0
599,2021-09-09 23:01:00,1.1832,1.1832,1.1829,1.1832,0
600,2021-09-09 23:00:00,1.1832,1.1832,1.1830,1.1831,0
601,2021-09-09 22:59:00,1.1832,1.1833,1.1830,1.1832,0
602,2021-09-09 22:58:00,1.1830,1.1832,1.1829,1.1832,0
603,2021-09-09 22:57:00,1.1829,1.1831,1.1828,1.1830,0
604,2021-09-09 22:56:00,1.1828,1.1830,1.1827,1.1828,0
605,2021-09-09 22:55:00,1.1828,1.1829,1.1826,1.1828,0
606,2021-09-09 22:54:00,1.1826,1.1828,1.1826,1.1827,0
607,2021-09-09 22:53:00,1.1826,1.1828,1.1826,1.1827,0
608,2021-09-09 22:52:00,1.1826,1.1828,1.1825,1.1828,0
609,2021-09-09 22:51:00,1.1827,1.1828,1.1825,1.1827,0
610,2021-09-09 22:50:00,1.1827,1.1828,1.1826,1.1828,0
611,2021-09-09 22:49:00,1.1827,1.1828,1.1825,1.1828,0
612,2021-09-09 22:48:00,1.1827,1.1828,1.1825,1.1827,0
613,2021-09-09 22:47:00,1.1827,1.1828,1.1826,1.1826,0
614,2021-09-09 22:46:00,1.1827,1.1827,1.1825,1.1827,0
615,2021-09-09 22:45:00,1.1826,1.1828,1.1826,1.1827,0
616,2021-09-09 22:44:00,1.1828,1.1829,1.1825,1.1827,0
617,2021-09-09 22:43:00,1.1827,1.1828,1.1826,1.1828,0
618,2021-09-09 22:42:00,1.1826,1.1828,1.1826,1.1828,0
619,2021-09-09 22:41:00,1.1826,1.1827,1.1825,1.1827,0
620,2021-09-09 22:40:00,1.1827,1.1827,1.1825,1.1826,0
621,2021-09-09 22:39:00,1.1827,1.1828,1.1825,1.1827,0
622,2021-09-09 22:38:00,1.1827,1.1827,1.1825,1.1827,0
623,2021-09-09 22:37:00,1.1826,1.1827,1.1825,1.1826,0
624,2021-09-09 22:36:00,1.1826,1.1827,1.1825,1.1826,0
625,2021-09-09 22:35:00,1.1826,1.1827,1.1824,1.1827,0
626,2021-09-09 22:34:00,1.1826,1.1827,1.1825,1.1826,0
627,2021-09-09 22:33:00,1.1826,1.1827,1.1824,1.1826,0
628,2021-09-09 22:32:00,1.1826,1.1827,1.1824,1.1827,0
629,2021-09-09 22:31:00,1.1827,1.1828,1.1825,1.1826,0
630,2021-09-09 22:30:00,1.1827,1.1828,1.1825,1.1828,0
631,2021-09-09 22:29:00,1.1827,1.1827,1.1825,1.1826,0
632,2021-09-09 22:28:00,1.1826,1.1827,1.1825,1.1826,0
633,2021-09-09 22:27:00,1.1827,1.1828,1.1825,1.1827,0
634,2021-09-09 22:26:00,1.1827,1.1828,1.1826,1.1827,0
635,2021-09-09 22:25:00,1.1827,1.1827,1.1825,1.1827,0
636,2021-09-09 22:24:00,1.1825,1.1827,1.1825,1.1827,0
637,2021-09-09 22:23:00,1.1825,1.1826,1.1823,1.1826,0
638,2021-09-09 22:22:00,1.1825,1.1825,1.1823,1.1825,0
639,2021-09-09 22:21:00,1.1825,1.1825,1.1823,1.1825,0
640,2021-09-09 22:20:00,1.1825,1.1826,1.1824,1.1825,0
641,2021-09-09 22:19:00,1.1824,1.1826,1.1823,1.1825,0
642,2021-09-09 22:18:00,1.1824,1.1826,1.1823,1.1825,0
643,2021-09-09 22:17:00,1.1823,1.1825,1.1822,1.1823,0
644,2021-09-09 22:16:00,1.1823,1.1825,1.1822,1.1824,0
645,2021-09-09 22:15:00,1.1825,1.1825,1.1822,1.1825,0
646,2021-09-09 22:14:00,1.1824,1.1825,1.1823,1.1825,0
647,2021-09-09 22:13:00,1.1822,1.1824,1.1822,1.1824,0
648,2021-09-09 22:12:00,1.1822,1.1824,1.1821,1.1823,0
649,2021-09-09 22:11:00,1.1821,1.1823,1.1819,1.1823,0
650,2021-09-09 22:10:00,1.1819,1.1821,1.1818,1.1820,0
651,2021-09-09 22:09:00,1.1820,1.1820,1.1818,1.1820,0
652,2021-09-09 22:08:00,1.1820,1.1820,1.1818,1.1819,0
653,2021-09-09 22:07:00,1.1821,1.1821,1.1819,1.1820,0
654,2021-09-09 22:06:00,1.1821,1.1822,1.1819,1.1820,0
655,2021-09-09 22:05:00,1.1821,1.1821,1.1820,1.1821,0
656,2021-09-09 22:04:00,1.1822,1.1822,1.1819,1.1821,0
657,2021-09-09 22:03:00,1.1822,1.1822,1.1821,1.1821,0
658,2021-09-09 22:02:00,1.1821,1.1822,1.1821,1.1822,0
659,2021-09-09 22:01:00,1.1822,1.1822,1.1821,1.1822,0
660,2021-09-09 22:00:00,1.1822,1.1822,1.1820,1.1821,0
661,2021-09-09 21:59:00,1.1822,1.1822,1.1820,1.1822,0
662,2021-09-09 21:58:00,1.1822,1.1822,1.1820,1.1822,0
663,2021-09-09 21:57:00,1.1822,1.1822,1.1820,1.1821,0
664,2021-09-09 21:56:00,1.1821,1.1822,1.1821,1.1822,0
665,2021-09-09 21:55:00,1.1822,1.1822,1.1820,1.1822,0
666,2021-09-09 21:54:00,1.1822,1.1822,1.1820,1.1822,0
667,2021-09-09 21:53:00,1.1820,1.1822,1.1820,1.1820,0
668,2021-09-09 21:52:00,1.1820,1.1821,1.1819,1.1821,0
669,2021-09-09 21:51:00,1.1821,1.1821,1.1819,1.1821,0
670,2021-09-09 21:50:00,1.1820,1.1821,1.1818,1.1819,0
671,2021-09-09 21:49:00,1.1821,1.1821,1.1818,1.1820,0
672,2021-09-09 21:48:00,1.1820,1.1821,1.1819,1.1820,0
673,2021-09-09 21:47:00,1.1820,1.1821,1.1819,1.1820,0
674,2021-09-09 21:46:00,1.1821,1.1821,1.1820,1.1820,0
675,2021-09-09 21:45:00,1.1821,1.1821,1.1820,1.1821,0
676,2021-09-09 21:44:00,1.1821,1.1822,1.1819,1.1821,0
677,2021-09-09 21:43:00,1.1821,1.1822,1.1820,1.1821,0
678,2021-09-09 21:42:00,1.1821,1.1822,1.1820,1.1821,0
679,2021-09-09 21:41:00,1.1822,1.1822,1.1819,1.1822,0
680,2021-09-09 21:40:00,1.1821,1.1822,1.1820,1.1822,0
681,2021-09-09 21:39:00,1.1821,1.1821,1.1819,1.1821,0
682,2021-09-09 21:38:00,1.1820,1.1821,1.1819,1.1819,0
683,2021-09-09 21:37:00,1.1820,1.1821,1.1819,1.1820,0
684,2021-09-09 21:36:00,1.1820,1.1820,1.1818,1.1819,0
685,2021-09-09 21:35:00,1.1821,1.1821,1.1818,1.1820,0
686,2021-09-09 21:34:00,1.1820,1.1821,1.1818,1.1821,0
687,2021-09-09 21:33:00,1.1820,1.1821,1.1818,1.1820,0
688,2021-09-09 21:32:00,1.1820,1.1820,1.1818,1.1820,0
689,2021-09-09 21:31:00,1.1819,1.1820,1.1818,1.1820,0
690,2021-09-09 21:30:00,1.1820,1.1820,1.1817,1.1819,0
691,2021-09-09 21:29:00,1.1819,1.1821,1.1818,1.1820,0
692,2021-09-09 21:28:00,1.1819,1.1820,1.1818,1.1820,0
693,2021-09-09 21:27:00,1.1819,1.1820,1.1817,1.1819,0
694,2021-09-09 21:26:00,1.1821,1.1821,1.1817,1.1819,0
695,2021-09-09 21:25:00,1.1820,1.1821,1.1819,1.1821,0
696,2021-09-09 21:24:00,1.1821,1.1821,1.1818,1.1819,0
697,2021-09-09 21:23:00,1.1820,1.1821,1.1819,1.1821,0
698,2021-09-09 21:22:00,1.1821,1.1821,1.1818,1.1820,0
699,2021-09-09 21:21:00,1.1821,1.1821,1.1819,1.1820,0
700,2021-09-09 21:20:00,1.1821,1.1821,1.1819,1.1821,0
701,2021-09-09 21:19:00,1.1820,1.1821,1.1818,1.1821,0
702,2021-09-09 21:18:00,1.1821,1.1821,1.1818,1.1820,0
703,2021-09-09 21:17:00,1.1820,1.1821,1.1818,1.1819,0
704,2021-09-09 21:16:00,1.1821,1.1822,1.1818,1.1820,0
705,2021-09-09 21:15:00,1.1822,1.1822,1.1819,1.1821,0
706,2021-09-09 21:14:00,1.1822,1.1823,1.1820,1.1822,0
707,2021-09-09 21:13:00,1.1823,1.1823,1.1820,1.1823,0
708,2021-09-09 21:12:00,1.1823,1.1823,1.1821,1.1821,0
709,2021-09-09 21:11:00,1.1824,1.1824,1.1821,1.1823,0
710,2021-09-09 21:10:00,1.1824,1.1824,1.1822,1.1824,0
711,2021-09-09 21:09:00,1.1824,1.1824,1.1822,1.1824,0
712,2021-09-09 21:08:00,1.1824,1.1824,1.1822,1.1824,0
713,2021-09-09 21:07:00,1.1824,1.1824,1.1822,1.1824,0
714,2021-09-09 21:06:00,1.1824,1.1824,1.1822,1.1824,0
715,2021-09-09 21:05:00,1.1825,1.1825,1.1822,1.1824,0
716,2021-09-09 21:04:00,1.1824,1.1825,1.1823,1.1825,0
717,2021-09-09 21:03:00,1.1822,1.1824,1.1822,1.1824,0
718,2021-09-09 21:02:00,1.1822,1.1824,1.1822,1.1824,0
719,2021-09-09 21:01:00,1.1824,1.1824,1.1821,1.1824,0
720,2021-09-09 21:00:00,1.1824,1.1824,1.1822,1.1822,0
721,2021-09-09 20:59:00,1.1824,1.1825,1.1822,1.1824,0
722,2021-09-09 20:58:00,1.1825,1.1825,1.1822,1.1823,0
723,2021-09-09 20:57:00,1.1826,1.1826,1.1823,1.1825,0
724,2021-09-09 20:56:00,1.1825,1.1826,1.1824,1.1824,0
725,2021-09-09 20:55:00,1.1824,1.1826,1.1823,1.1826,0
726,2021-09-09 20:54:00,1.1823,1.1825,1.1821,1.1823,0
727,2021-09-09 20:53:00,1.1822,1.1824,1.1821,1.1822,0
728,2021-09-09 20:52:00,1.1824,1.1824,1.1822,1.1823,0
729,2021-09-09 20:51:00,1.1824,1.1824,1.1822,1.1822,0
730,2021-09-09 20:50:00,1.1824,1.1824,1.1822,1.1823,0
731,2021-09-09 20:49:00,1.1823,1.1825,1.1823,1.1823,0
732,2021-09-09 20:48:00,1.1824,1.1825,1.1822,1.1825,0
733,2021-09-09 20:47:00,1.1824,1.1825,1.1822,1.1824,0
734,2021-09-09 20:46:00,1.1825,1.1825,1.1823,1.1825,0
735,2021-09-09 20:45:00,1.1825,1.1825,1.1823,1.1825,0
736,2021-09-09 20:44:00,1.1824,1.1825,1.1823,1.1824,0
737,2021-09-09 20:43:00,1.1825,1.1825,1.1823,1.1824,0
738,2021-09-09 20:42:00,1.1825,1.1825,1.1823,1.1823,0
739,2021-09-09 20:41:00,1.1823,1.1825,1.1823,1.1825,0
740,2021-09-09 20:40:00,1.1823,1.1825,1.1822,1.1823,0
741,2021-09-09 20:39:00,1.1823,1.1824,1.1822,1.1823,0
742,2021-09-09 20:38:00,1.1823,1.1824,1.1822,1.1823,0
743,2021-09-09 20:37:00,1.1824,1.1824,1.1823,1.1824,0
744,2021-09-09 20:36:00,1.1825,1.1825,1.1823,1.1823,0
745,2021-09-09 20:35:00,1.1825,1.1825,1.1823,1.1825,0
746,2021-09-09 20:34:00,1.1825,1.1825,1.1823,1.1825,0
747,2021-09-09 20:33:00,1.1825,1.1825,1.1823,1.1825,0
748,2021-09-09 20:32:00,1.1825,1.1825,1.1823,1.1825,0
749,2021-09-09 20:31:00,1.1825,1.1825,1.1823,1.1825,0
750,2021-09-09 20:30:00,1.1825,1.1826,1.1823,1.1825,0
751,2021-09-09 20:29:00,1.1826,1.1826,1.1824,1.1825,0
752,2021-09-09 20:28:00,1.1826,1.1826,1.1825,1.1826,0
753,2021-09-09 20:27:00,1.1827,1.1827,1.1824,1.1826,0
754,2021-09-09 20:26:00,1.1826,1.1827,1.1825,1.1826,0
755,2021-09-09 20:25:00,1.1827,1.1827,1.1825,1.1827,0
756,2021-09-09 20:24:00,1.1826,1.1827,1.1825,1.1825,0
757,2021-09-09 20:23:00,1.1827,1.1827,1.1825,1.1826,0
758,2021-09-09 20:22:00,1.1826,1.1827,1.1826,1.1827,0
759,2021-09-09 20:21:00,1.1826,1.1827,1.1826,1.1827,0
760,2021-09-09 20:20:00,1.1827,1.1828,1.1825,1.1827,0
761,2021-09-09 20:19:00,1.1827,1.1828,1.1826,1.1827,0
762,2021-09-09 20:18:00,1.1826,1.1827,1.1825,1.1827,0
763,2021-09-09 20:17:00,1.1825,1.1826,1.1824,1.1826,0
764,2021-09-09 20:16:00,1.1826,1.1827,1.1825,1.1826,0
765,2021-09-09 20:15:00,1.1826,1.1827,1.1825,1.1827,0
766,2021-09-09 20:14:00,1.1827,1.1827,1.1824,1.1825,0
767,2021-09-09 20:13:00,1.1827,1.1827,1.1825,1.1827,0
768,2021-09-09 20:12:00,1.1827,1.1827,1.1826,1.1826,0
769,2021-09-09 20:11:00,1.1827,1.1828,1.1825,1.1827,0
770,2021-09-09 20:10:00,1.1827,1.1827,1.1825,1.1827,0
771,2021-09-09 20:09:00,1.1827,1.1827,1.1825,1.1825,0
772,2021-09-09 20:08:00,1.1826,1.1827,1.1825,1.1827,0
773,2021-09-09 20:07:00,1.1826,1.1827,1.1824,1.1826,0
774,2021-09-09 20:06:00,1.1825,1.1826,1.1824,1.1826,0
775,2021-09-09 20:05:00,1.1825,1.1825,1.1823,1.1825,0
776,2021-09-09 20:04:00,1.1824,1.1825,1.1823,1.1824,0
777,2021-09-09 20:03:00,1.1824,1.1825,1.1822,1.1824,0
778,2021-09-09 20:02:00,1.1823,1.1824,1.1821,1.1823,0
779,2021-09-09 20:01:00,1.1824,1.1825,1.1822,1.1822,0
780,2021-09-09 20:00:00,1.1823,1.1824,1.1822,1.1823,0
781,2021-09-09 19:59:00,1.1824,1.1824,1.1821,1.1823,0
782,2021-09-09 19:58:00,1.1824,1.1824,1.1822,1.1824,0
783,2021-09-09 19:57:00,1.1824,1.1824,1.1823,1.1824,0
784,2021-09-09 19:56:00,1.1824,1.1824,1.1822,1.1824,0
785,2021-09-09 19:55:00,1.1824,1.1824,1.1822,1.1822,0
786,2021-09-09 19:54:00,1.1824,1.1824,1.1822,1.1824,0
787,2021-09-09 19:53:00,1.1823,1.1824,1.1822,1.1824,0
788,2021-09-09 19:52:00,1.1823,1.1824,1.1822,1.1823,0
789,2021-09-09 19:51:00,1.1823,1.1824,1.1822,1.1822,0
790,2021-09-09 19:50:00,1.1824,1.1824,1.1822,1.1823,0
791,2021-09-09 19:49:00,1.1824,1.1824,1.1822,1.1822,0
792,2021-09-09 19:48:00,1.1824,1.1824,1.1822,1.1824,0
793,2021-09-09 19:47:00,1.1825,1.1825,1.1822,1.1823,0
794,2021-09-09 19:46:00,1.1824,1.1825,1.1823,1.1824,0
795,2021-09-09 19:45:00,1.1824,1.1825,1.1823,1.1823,0
796,2021-09-09 19:44:00,1.1824,1.1825,1.1823,1.1823,0
797,2021-09-09 19:43:00,1.1825,1.1825,1.1822,1.1824,0
798,2021-09-09 19:42:00,1.1824,1.1825,1.1823,1.1825,0
799,2021-09-09 19:41:00,1.1825,1.1825,1.1823,1.1824,0
800,2021-09-09 19:40:00,1.1824,1.1825,1.1823,1.1825,0
801,2021-09-09 19:39:00,1.1824,1.1825,1.1823,1.1824,0
802,2021-09-09 19:38:00,1.1824,1.1825,1.1823,1.1824,0
803,2021-09-09 19:37:00,1.1825,1.1825,1.1823,1.1823,0
804,2021-09-09 19:36:00,1.1825,1.1825,1.1823,1.1825,0
805,2021-09-09 19:35:00,1.1825,1.1825,1.1823,1.1824,0
806,2021-09-09 19:34:00,1.1824,1.1825,1.1823,1.1824,0
807,2021-09-09 19:33:00,1.1825,1.1825,1.1823,1.1825,0
808,2021-09-09 19:32:00,1.1825,1.1825,1.1823,1.1824,0
809,2021-09-09 19:31:00,1.1825,1.1825,1.1823,1.1825,0
810,2021-09-09 19:30:00,1.1824,1.1825,1.1823,1.1824,0
811,2021-09-09 19:29:00,1.1824,1.1824,1.1823,1.1824,0
812,2021-09-09 19:28:00,1.1824,1.1824,1.1823,1.1824,0
813,2021-09-09 19:27:00,1.1822,1.1824,1.1822,1.1824,0
814,2021-09-09 19:26:00,1.1824,1.1824,1.1822,1.1824,0
815,2021-09-09 19:25:00,1.1824,1.1824,1.1822,1.1823,0
816,2021-09-09 19:24:00,1.1824,1.1824,1.1822,1.1824,0
817,2021-09-09 19:23:00,1.1824,1.1824,1.1822,1.1824,0
818,2021-09-09 19:22:00,1.1824,1.1824,1.1822,1.1823,0
819,2021-09-09 19:21:00,1.1823,1.1824,1.1822,1.1823,0
820,2021-09-09 19:20:00,1.1823,1.1824,1.1822,1.1823,0
821,2021-09-09 19:19:00,1.1824,1.1824,1.1822,1.1823,0
822,2021-09-09 19:18:00,1.1824,1.1824,1.1822,1.1823,0
823,2021-09-09 19:17:00,1.1823,1.1824,1.1822,1.1824,0
824,2021-09-09 19:16:00,1.1823,1.1824,1.1823,1.1824,0
825,2021-09-09 19:15:00,1.1823,1.1824,1.1821,1.1823,0
826,2021-09-09 19:14:00,1.1823,1.1824,1.1821,1.1823,0
827,2021-09-09 19:13:00,1.1823,1.1824,1.1821,1.1823,0
828,2021-09-09 19:12:00,1.1824,1.1824,1.1822,1.1823,0
829,2021-09-09 19:11:00,1.1823,1.1824,1.1821,1.1823,0
830,2021-09-09 19:10:00,1.1823,1.1824,1.1821,1.1822,0
831,2021-09-09 19:09:00,1.1823,1.1823,1.1822,1.1823,0
832,2021-09-09 19:08:00,1.1823,1.1823,1.1822,1.1823,0
833,2021-09-09 19:07:00,1.1823,1.1823,1.1822,1.1823,0
834,2021-09-09 19:06:00,1.1824,1.1824,1.1821,1.1822,0
835,2021-09-09 19:05:00,1.1823,1.1824,1.1822,1.1824,0
836,2021-09-09 19:04:00,1.1823,1.1824,1.1822,1.1823,0
837,2021-09-09 19:03:00,1.1824,1.1824,1.1822,1.1823,0
838,2021-09-09 19:02:00,1.1824,1.1824,1.1822,1.1824,0
839,2021-09-09 19:01:00,1.1824,1.1824,1.1823,1.1824,0
840,2021-09-09 19:00:00,1.1823,1.1824,1.1823,1.1823,0
841,2021-09-09 18:59:00,1.1824,1.1824,1.1822,1.1823,0
842,2021-09-09 18:58:00,1.1824,1.1824,1.1822,1.1823,0
843,2021-09-09 18:57:00,1.1824,1.1825,1.1823,1.1823,0
844,2021-09-09 18:56:00,1.1822,1.1824,1.1822,1.1824,0
845,2021-09-09 18:55:00,1.1824,1.1824,1.1822,1.1824,0
846,2021-09-09 18:54:00,1.1824,1.1824,1.1823,1.1823,0
847,2021-09-09 18:53:00,1.1824,1.1824,1.1822,1.1822,0
848,2021-09-09 18:52:00,1.1824,1.1824,1.1824,1.1824,0
849,2021-09-09 18:51:00,1.1824,1.1824,1.1823,1.1824,0
850,2021-09-09 18:50:00,1.1824,1.1824,1.1822,1.1824,0
851,2021-09-09 18:49:00,1.1823,1.1824,1.1822,1.1824,0
852,2021-09-09 18:48:00,1.1823,1.1824,1.1822,1.1824,0
853,2021-09-09 18:47:00,1.1824,1.1824,1.1822,1.1824,0
854,2021-09-09 18:46:00,1.1824,1.1824,1.1822,1.1824,0
855,2021-09-09 18:45:00,1.1824,1.1824,1.1822,1.1822,0
856,2021-09-09 18:44:00,1.1823,1.1824,1.1822,1.1823,0
857,2021-09-09 18:43:00,1.1824,1.1824,1.1822,1.1823,0
858,2021-09-09 18:42:00,1.1824,1.1824,1.1822,1.1824,0
859,2021-09-09 18:41:00,1.1824,1.1824,1.1822,1.1824,0
860,2021-09-09 18:40:00,1.1824,1.1824,1.1822,1.1824,0
861,2021-09-09 18:39:00,1.1824,1.1824,1.1823,1.1824,0
862,2021-09-09 18:38:00,1.1824,1.1824,1.1823,1.1823,0
863,2021-09-09 18:37:00,1.1824,1.1824,1.1823,1.1824,0
864,2021-09-09 18:36:00,1.1823,1.1825,1.1823,1.1824,0
865,2021-09-09 18:35:00,1.1824,1.1825,1.1823,1.1825,0
866,2021-09-09 18:34:00,1.1824,1.1824,1.1823,1.1823,0
867,2021-09-09 18:33:00,1.1824,1.1825,1.1822,1.1824,0
868,2021-09-09 18:32:00,1.1824,1.1825,1.1823,1.1823,0
869,2021-09-09 18:31:00,1.1824,1.1825,1.1822,1.1823,0
870,2021-09-09 18:30:00,1.1824,1.1824,1.1823,1.1823,0
871,2021-09-09 18:29:00,1.1824,1.1824,1.1823,1.1824,0
872,2021-09-09 18:28:00,1.1823,1.1824,1.1823,1.1824,0
873,2021-09-09 18:27:00,1.1824,1.1824,1.1823,1.1824,0
874,2021-09-09 18:26:00,1.1824,1.1824,1.1823,1.1824,0
875,2021-09-09 18:25:00,1.1824,1.1824,1.1823,1.1824,0
876,2021-09-09 18:24:00,1.1822,1.1824,1.1822,1.1824,0
877,2021-09-09 18:23:00,1.1824,1.1824,1.1823,1.1823,0
878,2021-09-09 18:22:00,1.1824,1.1825,1.1822,1.1824,0
879,2021-09-09 18:21:00,1.1824,1.1825,1.1823,1.1824,0
880,2021-09-09 18:20:00,1.1825,1.1825,1.1823,1.1825,0
881,2021-09-09 18:19:00,1.1824,1.1825,1.1823,1.1825,0
882,2021-09-09 18:18:00,1.1823,1.1825,1.1823,1.1825,0
883,2021-09-09 18:17:00,1.1825,1.1825,1.1823,1.1823,0
884,2021-09-09 18:16:00,1.1824,1.1825,1.1823,1.1825,0
885,2021-09-09 18:15:00,1.1825,1.1825,1.1823,1.1824,0
886,2021-09-09 18:14:00,1.1825,1.1825,1.1823,1.1825,0
887,2021-09-09 18:13:00,1.1825,1.1825,1.1823,1.1825,0
888,2021-09-09 18:12:00,1.1824,1.1825,1.1823,1.1823,0
889,2021-09-09 18:11:00,1.1824,1.1825,1.1823,1.1824,0
890,2021-09-09 18:10:00,1.1824,1.1825,1.1823,1.1824,0
891,2021-09-09 18:09:00,1.1824,1.1825,1.1823,1.1824,0
892,2021-09-09 18:08:00,1.1824,1.1824,1.1822,1.1824,0
893,2021-09-09 18:07:00,1.1824,1.1825,1.1822,1.1824,0
894,2021-09-09 18:06:00,1.1824,1.1825,1.1821,1.1824,0
895,2021-09-09 18:05:00,1.1824,1.1824,1.1823,1.1823,0
896,2021-09-09 18:04:00,1.1824,1.1824,1.1823,1.1824,0
897,2021-09-09 18:03:00,1.1824,1.1824,1.1823,1.1824,0
898,2021-09-09 18:02:00,1.1824,1.1824,1.1823,1.1824,0
899,2021-09-09 18:01:00,1.1824,1.1824,1.1823,1.1824,0
900,2021-09-09 18:00:00,1.1824,1.1825,1.1823,1.1824,0
901,2021-09-09 17:59:00,1.1824,1.1825,1.1823,1.1824,0
902,2021-09-09 17:58:00,1.1824,1.1825,1.1824,1.1824,0
903,2021-09-09 17:57:00,1.1824,1.1825,1.1824,1.1825,0
904,2021-09-09 17:56:00,1.1825,1.1825,1.1824,1.1824,0
905,2021-09-09 17:55:00,1.1824,1.1825,1.1824,1.1824,0
906,2021-09-09 17:54:00,1.1824,1.1826,1.1824,1.1824,0
907,2021-09-09 17:53:00,1.1824,1.1825,1.1824,1.1824,0
908,2021-09-09 17:52:00,1.1824,1.1825,1.1824,1.1824,0
909,2021-09-09 17:51:00,1.1825,1.1825,1.1824,1.1825,0
910,2021-09-09 17:50:00,1.1824,1.1825,1.1824,1.1825,0
911,2021-09-09 17:49:00,1.1825,1.1825,1.1824,1.1824,0
912,2021-09-09 17:48:00,1.1825,1.1825,1.1824,1.1824,0
913,2021-09-09 17:47:00,1.1825,1.1826,1.1824,1.1825,0
914,2021-09-09 17:46:00,1.1825,1.1826,1.1824,1.1825,0
915,2021-09-09 17:45:00,1.1825,1.1825,1.1824,1.1825,0
916,2021-09-09 17:44:00,1.1825,1.1826,1.1823,1.1825,0
917,2021-09-09 17:43:00,1.1825,1.1826,1.1825,1.1825,0
918,2021-09-09 17:42:00,1.1826,1.1826,1.1825,1.1825,0
919,2021-09-09 17:41:00,1.1825,1.1826,1.1825,1.1826,0
920,2021-09-09 17:40:00,1.1826,1.1826,1.1825,1.1826,0
921,2021-09-09 17:39:00,1.1826,1.1826,1.1825,1.1825,0
922,2021-09-09 17:38:00,1.1826,1.1826,1.1825,1.1826,0
923,2021-09-09 17:37:00,1.1825,1.1829,1.1825,1.1826,0
924,2021-09-09 17:36:00,1.1826,1.1826,1.1825,1.1825,0
925,2021-09-09 17:35:00,1.1826,1.1827,1.1825,1.1826,0
926,2021-09-09 17:34:00,1.1826,1.1826,1.1825,1.1825,0
927,2021-09-09 17:33:00,1.1827,1.1827,1.1825,1.1826,0
928,2021-09-09 17:32:00,1.1826,1.1827,1.1825,1.1827,0
929,2021-09-09 17:31:00,1.1826,1.1827,1.1826,1.1826,0
930,2021-09-09 17:30:00,1.1826,1.1826,1.1825,1.1826,0
931,2021-09-09 17:29:00,1.1825,1.1827,1.1823,1.1826,0
932,2021-09-09 17:28:00,1.1825,1.1826,1.1824,1.1826,0
933,2021-09-09 17:27:00,1.1825,1.1825,1.1823,1.1824,0
934,2021-09-09 17:26:00,1.1823,1.1826,1.1823,1.1825,0
935,2021-09-09 17:25:00,1.1825,1.1826,1.1823,1.1825,0
936,2021-09-09 17:24:00,1.1824,1.1825,1.1823,1.1825,0
937,2021-09-09 17:23:00,1.1825,1.1825,1.1824,1.1825,0
938,2021-09-09 17:22:00,1.1826,1.1826,1.1823,1.1824,0
939,2021-09-09 17:21:00,1.1826,1.1826,1.1823,1.1826,0
940,2021-09-09 17:20:00,1.1824,1.1826,1.1823,1.1823,0
941,2021-09-09 17:19:00,1.1824,1.1826,1.1823,1.1823,0
942,2021-09-09 17:18:00,1.1826,1.1826,1.1823,1.1823,0
943,2021-09-09 17:17:00,1.1824,1.1826,1.1823,1.1826,0
944,2021-09-09 17:16:00,1.1824,1.1825,1.1823,1.1824,0
945,2021-09-09 17:15:00,1.1824,1.1826,1.1823,1.1823,0
946,2021-09-09 17:14:00,1.1824,1.1827,1.1823,1.1825,0
947,2021-09-09 17:13:00,1.1824,1.1827,1.1823,1.1825,0
948,2021-09-09 17:12:00,1.1824,1.1826,1.1824,1.1826,0
949,2021-09-09 17:11:00,1.1824,1.1825,1.1823,1.1824,0
950,2021-09-09 17:10:00,1.1824,1.1828,1.1824,1.1825,0
951,2021-09-09 17:09:00,1.1824,1.1825,1.1824,1.1824,0
952,2021-09-09 17:08:00,1.1824,1.1825,1.1823,1.1824,0
953,2021-09-09 17:07:00,1.1824,1.1825,1.1822,1.1824,0
954,2021-09-09 17:06:00,1.1824,1.1824,1.1824,1.1824,0
955,2021-09-09 17:05:00,1.1825,1.1825,1.1823,1.1824,0
956,2021-09-09 17:04:00,1.1823,1.1825,1.1823,1.1825,0
957,2021-09-09 17:03:00,1.1823,1.1824,1.1823,1.1824,0
958,2021-09-09 17:02:00,1.1824,1.1825,1.1823,1.1824,0
959,2021-09-09 17:01:00,1.1823,1.1825,1.1823,1.1823,0
960,2021-09-09 17:00:00,1.1824,1.1825,1.1823,1.1824,0
961,2021-09-09 16:59:00,1.1824,1.1825,1.1821,1.1825,0
962,2021-09-09 16:58:00,1.1824,1.1825,1.1822,1.1823,0
963,2021-09-09 16:57:00,1.1824,1.1824,1.1822,1.1824,0
964,2021-09-09 16:56:00,1.1824,1.1824,1.1822,1.1823,0
965,2021-09-09 16:55:00,1.1823,1.1824,1.1821,1.1824,0
966,2021-09-09 16:54:00,1.1823,1.1824,1.1821,1.1822,0
967,2021-09-09 16:53:00,1.1823,1.1824,1.1822,1.1824,0
968,2021-09-09 16:52:00,1.1822,1.1823,1.1821,1.1823,0
969,2021-09-09 16:51:00,1.1823,1.1824,1.1821,1.1823,0
970,2021-09-09 16:50:00,1.1824,1.1824,1.1821,1.1823,0
971,2021-09-09 16:49:00,1.1824,1.1824,1.1821,1.1824,0
972,2021-09-09 16:48:00,1.1823,1.1824,1.1822,1.1822,0
973,2021-09-09 16:47:00,1.1823,1.1824,1.1821,1.1823,0
974,2021-09-09 16:46:00,1.1823,1.1823,1.1821,1.1823,0
975,2021-09-09 16:45:00,1.1823,1.1823,1.1821,1.1823,0
976,2021-09-09 16:44:00,1.1822,1.1823,1.1821,1.1823,0
977,2021-09-09 16:43:00,1.1822,1.1823,1.1821,1.1822,0
978,2021-09-09 16:42:00,1.1823,1.1823,1.1821,1.1822,0
979,2021-09-09 16:41:00,1.1823,1.1823,1.1821,1.1822,0
980,2021-09-09 16:40:00,1.1821,1.1823,1.1821,1.1822,0
981,2021-09-09 16:39:00,1.1823,1.1823,1.1821,1.1822,0
982,2021-09-09 16:38:00,1.1823,1.1823,1.1821,1.1823,0
983,2021-09-09 16:37:00,1.1821,1.1823,1.1820,1.1823,0
984,2021-09-09 16:36:00,1.1822,1.1823,1.1820,1.1822,0
985,2021-09-09 16:35:00,1.1823,1.1823,1.1820,1.1821,0
986,2021-09-09 16:34:00,1.1822,1.1824,1.1821,1.1822,0
987,2021-09-09 16:33:00,1.1822,1.1823,1.1821,1.1823,0
988,2021-09-09 16:32:00,1.1822,1.1822,1.1821,1.1822,0
989,2021-09-09 16:31:00,1.1822,1.1823,1.1820,1.1822,0
990,2021-09-09 16:30:00,1.1822,1.1823,1.1820,1.1822,0
991,2021-09-09 16:29:00,1.1823,1.1823,1.1820,1.1822,0
992,2021-09-09 16:28:00,1.1823,1.1823,1.1821,1.1822,0
993,2021-09-09 16:27:00,1.1823,1.1823,1.1821,1.1821,0
994,2021-09-09 16:26:00,1.1823,1.1823,1.1821,1.1823,0
995,2021-09-09 16:25:00,1.1822,1.1823,1.1820,1.1823,0
996,2021-09-09 16:24:00,1.1823,1.1823,1.1821,1.1822,0
997,2021-09-09 16:23:00,1.1823,1.1823,1.1821,1.1823,0
998,2021-09-09 16:22:00,1.1824,1.1824,1.1821,1.1823,0
999,2021-09-09 16:21:00,1.1824,1.1824,1.1822,1.1823,0
1000,2021-09-09 16:20:00,1.1824,1.1824,1.1823,1.1824,0
1001,2021-09-09 16:19:00,1.1824,1.1825,1.1822,1.1824,0
1002,2021-09-09 16:18:00,1.1825,1.1825,1.1823,1.1825,0
1003,2021-09-09 16:17:00,1.1825,1.1825,1.1823,1.1825,0
1004,2021-09-09 16:16:00,1.1825,1.1826,1.1823,1.1824,0
1005,2021-09-09 16:15:00,1.1825,1.1826,1.1824,1.1826,0
1006,2021-09-09 16:14:00,1.1826,1.1826,1.1824,1.1824,0
1007,2021-09-09 16:13:00,1.1825,1.1826,1.1824,1.1826,0
1008,2021-09-09 16:12:00,1.1825,1.1825,1.1823,1.1825,0
1009,2021-09-09 16:11:00,1.1825,1.1825,1.1823,1.1825,0
1010,2021-09-09 16:10:00,1.1825,1.1825,1.1823,1.1825,0
1011,2021-09-09 16:09:00,1.1825,1.1825,1.1824,1.1825,0
1012,2021-09-09 16:08:00,1.1825,1.1825,1.1823,1.1825,0
1013,2021-09-09 16:07:00,1.1825,1.1825,1.1823,1.1825,0
1014,2021-09-09 16:06:00,1.1825,1.1825,1.1823,1.1825,0
1015,2021-09-09 16:05:00,1.1825,1.1825,1.1823,1.1824,0
1016,2021-09-09 16:04:00,1.1825,1.1825,1.1823,1.1825,0
1017,2021-09-09 16:03:00,1.1825,1.1825,1.1823,1.1825,0
1018,2021-09-09 16:02:00,1.1825,1.1826,1.1823,1.1824,0
1019,2021-09-09 16:01:00,1.1826,1.1826,1.1824,1.1825,0
1020,2021-09-09 16:00:00,1.1825,1.1826,1.1824,1.1826,0
1021,2021-09-09 15:59:00,1.1826,1.1827,1.1824,1.1826,0
1022,2021-09-09 15:58:00,1.1827,1.1828,1.1825,1.1827,0
1023,2021-09-09 15:57:00,1.1827,1.1827,1.1825,1.1827,0
1024,2021-09-09 15:56:00,1.1827,1.1827,1.1825,1.1827,0
1025,2021-09-09 15:55:00,1.1826,1.1827,1.1825,1.1827,0
1026,2021-09-09 15:54:00,1.1826,1.1826,1.1824,1.1826,0
1027,2021-09-09 15:53:00,1.1826,1.1827,1.1825,1.1826,0
1028,2021-09-09 15:52:00,1.1825,1.1827,1.1824,1.1825,0
1029,2021-09-09 15:51:00,1.1825,1.1827,1.1824,1.1826,0
1030,2021-09-09 15:50:00,1.1826,1.1827,1.1824,1.1826,0
1031,2021-09-09 15:49:00,1.1826,1.1827,1.1824,1.1826,0
1032,2021-09-09 15:48:00,1.1827,1.1827,1.1825,1.1826,0
1033,2021-09-09 15:47:00,1.1827,1.1828,1.1826,1.1827,0
1034,2021-09-09 15:46:00,1.1828,1.1828,1.1826,1.1827,0
1035,2021-09-09 15:45:00,1.1829,1.1829,1.1826,1.1828,0
1036,2021-09-09 15:44:00,1.1829,1.1829,1.1827,1.1828,0
1037,2021-09-09 15:43:00,1.1829,1.1829,1.1827,1.1828,0
1038,2021-09-09 15:42:00,1.1829,1.1829,1.1827,1.1829,0
1039,2021-09-09 15:41:00,1.1829,1.1829,1.1828,1.1829,0
1040,2021-09-09 15:40:00,1.1829,1.1829,1.1827,1.1829,0
1041,2021-09-09 15:39:00,1.1829,1.1830,1.1827,1.1829,0
1042,2021-09-09 15:38:00,1.1829,1.1830,1.1827,1.1829,0
1043,2021-09-09 15:37:00,1.1830,1.1830,1.1827,1.1829,0
1044,2021-09-09 15:36:00,1.1830,1.1830,1.1828,1.1830,0
1045,2021-09-09 15:35:00,1.1829,1.1830,1.1828,1.1830,0
1046,2021-09-09 15:34:00,1.1830,1.1830,1.1828,1.1830,0
1047,2021-09-09 15:33:00,1.1830,1.1830,1.1828,1.1830,0
1048,2021-09-09 15:32:00,1.1829,1.1830,1.1827,1.1830,0
1049,2021-09-09 15:31:00,1.1828,1.1829,1.1827,1.1829,0
1050,2021-09-09 15:30:00,1.1828,1.1829,1.1826,1.1827,0
1051,2021-09-09 15:29:00,1.1829,1.1829,1.1826,1.1828,0
1052,2021-09-09 15:28:00,1.1829,1.1830,1.1827,1.1829,0
1053,2021-09-09 15:27:00,1.1829,1.1829,1.1827,1.1829,0
1054,2021-09-09 15:26:00,1.1828,1.1829,1.1826,1.1829,0
1055,2021-09-09 15:25:00,1.1828,1.1828,1.1826,1.1828,0
1056,2021-09-09 15:24:00,1.1827,1.1828,1.1826,1.1826,0
1057,2021-09-09 15:23:00,1.1828,1.1828,1.1826,1.1828,0
1058,2021-09-09 15:22:00,1.1827,1.1828,1.1826,1.1828,0
1059,2021-09-09 15:21:00,1.1827,1.1828,1.1826,1.1827,0
1060,2021-09-09 15:20:00,1.1828,1.1828,1.1825,1.1828,0
1061,2021-09-09 15:19:00,1.1827,1.1828,1.1825,1.1828,0
1062,2021-09-09 15:18:00,1.1826,1.1827,1.1825,1.1826,0
1063,2021-09-09 15:17:00,1.1826,1.1827,1.1824,1.1825,0
1064,2021-09-09 15:16:00,1.1826,1.1827,1.1825,1.1826,0
1065,2021-09-09 15:15:00,1.1826,1.1827,1.1824,1.1826,0
1066,2021-09-09 15:14:00,1.1827,1.1827,1.1825,1.1827,0
1067,2021-09-09 15:13:00,1.1827,1.1827,1.1825,1.1825,0
1068,2021-09-09 15:12:00,1.1828,1.1828,1.1825,1.1826,0
1069,2021-09-09 15:11:00,1.1828,1.1828,1.1826,1.1827,0
1070,2021-09-09 15:10:00,1.1827,1.1828,1.1825,1.1827,0
1071,2021-09-09 15:09:00,1.1828,1.1828,1.1825,1.1827,0
1072,2021-09-09 15:08:00,1.1827,1.1828,1.1825,1.1827,0
1073,2021-09-09 15:07:00,1.1828,1.1828,1.1826,1.1827,0
1074,2021-09-09 15:06:00,1.1827,1.1828,1.1826,1.1828,0
1075,2021-09-09 15:05:00,1.1827,1.1827,1.1825,1.1827,0
1076,2021-09-09 15:04:00,1.1827,1.1827,1.1826,1.1827,0
1077,2021-09-09 15:03:00,1.1829,1.1829,1.1825,1.1827,0
1078,2021-09-09 15:02:00,1.1829,1.1829,1.1826,1.1829,0
1079,2021-09-09 15:01:00,1.1827,1.1829,1.1827,1.1829,0
1080,2021-09-09 15:00:00,1.1830,1.1830,1.1827,1.1829,0
1081,2021-09-09 14:59:00,1.1829,1.1830,1.1827,1.1830,0
1082,2021-09-09 14:58:00,1.1829,1.1829,1.1827,1.1828,0
1083,2021-09-09 14:57:00,1.1829,1.1830,1.1828,1.1829,0
1084,2021-09-09 14:56:00,1.1829,1.1829,1.1827,1.1829,0
1085,2021-09-09 14:55:00,1.1829,1.1829,1.1828,1.1829,0
1086,2021-09-09 14:54:00,1.1830,1.1830,1.1827,1.1828,0
1087,2021-09-09 14:53:00,1.1830,1.1830,1.1827,1.1828,0
1088,2021-09-09 14:52:00,1.1828,1.1830,1.1828,1.1830,0
1089,2021-09-09 14:51:00,1.1830,1.1830,1.1828,1.1829,0
1090,2021-09-09 14:50:00,1.1829,1.1830,1.1827,1.1830,0
1091,2021-09-09 14:49:00,1.1829,1.1830,1.1827,1.1829,0
1092,2021-09-09 14:48:00,1.1829,1.1829,1.1827,1.1829,0
1093,2021-09-09 14:47:00,1.1829,1.1830,1.1827,1.1829,0
1094,2021-09-09 14:46:00,1.1829,1.1829,1.1827,1.1829,0
1095,2021-09-09 14:45:00,1.1829,1.1829,1.1827,1.1829,0
1096,2021-09-09 14:44:00,1.1829,1.1829,1.1828,1.1829,0
1097,2021-09-09 14:43:00,1.1829,1.1829,1.1827,1.1829,0
1098,2021-09-09 14:42:00,1.1829,1.1829,1.1827,1.1829,0
1099,2021-09-09 14:41:00,1.1829,1.1829,1.1827,1.1829,0
1100,2021-09-09 14:40:00,1.1829,1.1829,1.1826,1.1829,0
1101,2021-09-09 14:39:00,1.1829,1.1830,1.1827,1.1829,0
1102,2021-09-09 14:38:00,1.1831,1.1831,1.1827,1.1829,0
1103,2021-09-09 14:37:00,1.1832,1.1832,1.1829,1.1831,0
1104,2021-09-09 14:36:00,1.1833,1.1833,1.1830,1.1831,0
1105,2021-09-09 14:35:00,1.1832,1.1833,1.1830,1.1832,0
1106,2021-09-09 14:34:00,1.1832,1.1832,1.1831,1.1832,0
1107,2021-09-09 14:33:00,1.1832,1.1832,1.1830,1.1832,0
1108,2021-09-09 14:32:00,1.1832,1.1832,1.1830,1.1832,0
1109,2021-09-09 14:31:00,1.1830,1.1832,1.1829,1.1831,0
1110,2021-09-09 14:30:00,1.1833,1.1833,1.1830,1.1832,0
1111,2021-09-09 14:29:00,1.1831,1.1833,1.1830,1.1833,0
1112,2021-09-09 14:28:00,1.1832,1.1832,1.1830,1.1832,0
1113,2021-09-09 14:27:00,1.1832,1.1833,1.1830,1.1831,0
1114,2021-09-09 14:26:00,1.1832,1.1833,1.1831,1.1831,0
1115,2021-09-09 14:25:00,1.1833,1.1833,1.1831,1.1833,0
1116,2021-09-09 14:24:00,1.1833,1.1833,1.1831,1.1833,0
1117,2021-09-09 14:23:00,1.1832,1.1833,1.1830,1.1833,0
1118,2021-09-09 14:22:00,1.1832,1.1833,1.1830,1.1832,0
1119,2021-09-09 14:21:00,1.1832,1.1833,1.1831,1.1832,0
1120,2021-09-09 14:20:00,1.1832,1.1833,1.1830,1.1831,0
1121,2021-09-09 14:19:00,1.1832,1.1832,1.1830,1.1832,0
1122,2021-09-09 14:18:00,1.1833,1.1833,1.1830,1.1832,0
1123,2021-09-09 14:17:00,1.1833,1.1833,1.1831,1.1833,0
1124,2021-09-09 14:16:00,1.1833,1.1833,1.1831,1.1833,0
1125,2021-09-09 14:15:00,1.1833,1.1833,1.1831,1.1832,0
1126,2021-09-09 14:14:00,1.1833,1.1833,1.1831,1.1833,0
1127,2021-09-09 14:13:00,1.1834,1.1834,1.1832,1.1832,0
1128,2021-09-09 14:12:00,1.1834,1.1834,1.1832,1.1834,0
1129,2021-09-09 14:11:00,1.1834,1.1834,1.1832,1.1833,0
1130,2021-09-09 14:10:00,1.1834,1.1834,1.1833,1.1834,0
1131,2021-09-09 14:09:00,1.1833,1.1834,1.1831,1.1834,0
1132,2021-09-09 14:08:00,1.1832,1.1834,1.1831,1.1833,0
1133,2021-09-09 14:07:00,1.1832,1.1833,1.1830,1.1831,0
1134,2021-09-09 14:06:00,1.1831,1.1833,1.1830,1.1833,0
1135,2021-09-09 14:05:00,1.1831,1.1832,1.1830,1.1831,0
1136,2021-09-09 14:04:00,1.1834,1.1834,1.1829,1.1832,0
1137,2021-09-09 14:03:00,1.1834,1.1834,1.1832,1.1834,0
1138,2021-09-09 14:02:00,1.1834,1.1835,1.1833,1.1834,0
1139,2021-09-09 14:01:00,1.1833,1.1834,1.1832,1.1833,0
1140,2021-09-09 14:00:00,1.1834,1.1834,1.1832,1.1833,0
1141,2021-09-09 13:59:00,1.1833,1.1834,1.1832,1.1834,0
1142,2021-09-09 13:58:00,1.1832,1.1833,1.1831,1.1833,0
1143,2021-09-09 13:57:00,1.1831,1.1833,1.1830,1.1832,0
1144,2021-09-09 13:56:00,1.1832,1.1832,1.1830,1.1832,0
1145,2021-09-09 13:55:00,1.1831,1.1832,1.1829,1.1831,0
1146,2021-09-09 13:54:00,1.1831,1.1831,1.1829,1.1830,0
1147,2021-09-09 13:53:00,1.1832,1.1832,1.1829,1.1831,0
1148,2021-09-09 13:52:00,1.1833,1.1833,1.1830,1.1832,0
1149,2021-09-09 13:51:00,1.1832,1.1833,1.1830,1.1833,0
1150,2021-09-09 13:50:00,1.1831,1.1832,1.1830,1.1832,0
1151,2021-09-09 13:49:00,1.1832,1.1833,1.1830,1.1832,0
1152,2021-09-09 13:48:00,1.1833,1.1833,1.1831,1.1832,0
1153,2021-09-09 13:47:00,1.1833,1.1834,1.1831,1.1833,0
1154,2021-09-09 13:46:00,1.1832,1.1833,1.1831,1.1833,0
1155,2021-09-09 13:45:00,1.1832,1.1833,1.1830,1.1832,0
1156,2021-09-09 13:44:00,1.1833,1.1833,1.1831,1.1832,0
1157,2021-09-09 13:43:00,1.1833,1.1833,1.1831,1.1832,0
1158,2021-09-09 13:42:00,1.1834,1.1834,1.1831,1.1833,0
1159,2021-09-09 13:41:00,1.1834,1.1835,1.1832,1.1832,0
1160,2021-09-09 13:40:00,1.1833,1.1834,1.1831,1.1834,0
1161,2021-09-09 13:39:00,1.1833,1.1833,1.1831,1.1833,0
1162,2021-09-09 13:38:00,1.1833,1.1834,1.1831,1.1833,0
1163,2021-09-09 13:37:00,1.1832,1.1834,1.1831,1.1834,0
1164,2021-09-09 13:36:00,1.1832,1.1833,1.1830,1.1833,0
1165,2021-09-09 13:35:00,1.1832,1.1833,1.1830,1.1833,0
1166,2021-09-09 13:34:00,1.1832,1.1832,1.1830,1.1832,0
1167,2021-09-09 13:33:00,1.1832,1.1832,1.1830,1.1832,0
1168,2021-09-09 13:32:00,1.1831,1.1832,1.1830,1.1832,0
1169,2021-09-09 13:31:00,1.1831,1.1831,1.1829,1.1830,0
1170,2021-09-09 13:30:00,1.1834,1.1834,1.1830,1.1831,0
1171,2021-09-09 13:29:00,1.1834,1.1835,1.1832,1.1832,0
1172,2021-09-09 13:28:00,1.1835,1.1835,1.1833,1.1835,0
1173,2021-09-09 13:27:00,1.1835,1.1836,1.1833,1.1835,0
1174,2021-09-09 13:26:00,1.1835,1.1836,1.1832,1.1835,0
1175,2021-09-09 13:25:00,1.1835,1.1836,1.1833,1.1836,0
1176,2021-09-09 13:24:00,1.1834,1.1836,1.1832,1.1835,0
1177,2021-09-09 13:23:00,1.1835,1.1836,1.1832,1.1834,0
1178,2021-09-09 13:22:00,1.1835,1.1836,1.1833,1.1835,0
1179,2021-09-09 13:21:00,1.1835,1.1836,1.1833,1.1836,0
1180,2021-09-09 13:20:00,1.1837,1.1837,1.1833,1.1835,0
1181,2021-09-09 13:19:00,1.1837,1.1837,1.1834,1.1836,0
1182,2021-09-09 13:18:00,1.1837,1.1837,1.1835,1.1835,0
1183,2021-09-09 13:17:00,1.1837,1.1837,1.1834,1.1835,0
1184,2021-09-09 13:16:00,1.1838,1.1838,1.1835,1.1836,0
1185,2021-09-09 13:15:00,1.1838,1.1839,1.1836,1.1838,0
1186,2021-09-09 13:14:00,1.1839,1.1839,1.1837,1.1839,0
1187,2021-09-09 13:13:00,1.1839,1.1839,1.1837,1.1839,0
1188,2021-09-09 13:12:00,1.1838,1.1839,1.1836,1.1839,0
1189,2021-09-09 13:11:00,1.1838,1.1840,1.1836,1.1839,0
1190,2021-09-09 13:10:00,1.1837,1.1838,1.1835,1.1838,0
1191,2021-09-09 13:09:00,1.1836,1.1838,1.1834,1.1837,0
1192,2021-09-09 13:08:00,1.1836,1.1836,1.1834,1.1836,0
1193,2021-09-09 13:07:00,1.1835,1.1836,1.1833,1.1834,0
1194,2021-09-09 13:06:00,1.1834,1.1835,1.1832,1.1835,0
1195,2021-09-09 13:05:00,1.1833,1.1835,1.1832,1.1834,0
1196,2021-09-09 13:04:00,1.1833,1.1834,1.1831,1.1834,0
1197,2021-09-09 13:03:00,1.1833,1.1833,1.1831,1.1833,0
1198,2021-09-09 13:02:00,1.1834,1.1834,1.1831,1.1833,0
1199,2021-09-09 13:01:00,1.1833,1.1834,1.1830,1.1834,0
1200,2021-09-09 13:00:00,1.1830,1.1832,1.1830,1.1832,0
1201,2021-09-09 12:59:00,1.1831,1.1832,1.1829,1.1831,0
1202,2021-09-09 12:58:00,1.1830,1.1832,1.1829,1.1831,0
1203,2021-09-09 12:57:00,1.1831,1.1831,1.1829,1.1831,0
1204,2021-09-09 12:56:00,1.1831,1.1832,1.1829,1.1831,0
1205,2021-09-09 12:55:00,1.1832,1.1833,1.1830,1.1831,0
1206,2021-09-09 12:54:00,1.1832,1.1833,1.1830,1.1832,0
1207,2021-09-09 12:53:00,1.1832,1.1833,1.1830,1.1832,0
1208,2021-09-09 12:52:00,1.1830,1.1832,1.1829,1.1832,0
1209,2021-09-09 12:51:00,1.1831,1.1831,1.1828,1.1831,0
1210,2021-09-09 12:50:00,1.1831,1.1831,1.1829,1.1830,0
1211,2021-09-09 12:49:00,1.1830,1.1831,1.1829,1.1831,0
1212,2021-09-09 12:48:00,1.1830,1.1831,1.1828,1.1831,0
1213,2021-09-09 12:47:00,1.1830,1.1830,1.1828,1.1830,0
1214,2021-09-09 12:46:00,1.1830,1.1830,1.1828,1.1830,0
1215,2021-09-09 12:45:00,1.1832,1.1832,1.1828,1.1830,0
1216,2021-09-09 12:44:00,1.1832,1.1833,1.1830,1.1832,0
1217,2021-09-09 12:43:00,1.1832,1.1832,1.1830,1.1831,0
1218,2021-09-09 12:42:00,1.1831,1.1832,1.1830,1.1832,0
1219,2021-09-09 12:41:00,1.1831,1.1831,1.1829,1.1831,0
1220,2021-09-09 12:40:00,1.1829,1.1831,1.1829,1.1830,0
1221,2021-09-09 12:39:00,1.1831,1.1832,1.1829,1.1831,0
1222,2021-09-09 12:38:00,1.1831,1.1832,1.1829,1.1831,0
1223,2021-09-09 12:37:00,1.1832,1.1833,1.1830,1.1832,0
1224,2021-09-09 12:36:00,1.1832,1.1832,1.1830,1.1831,0
1225,2021-09-09 12:35:00,1.1831,1.1832,1.1829,1.1832,0
1226,2021-09-09 12:34:00,1.1831,1.1832,1.1829,1.1831,0
1227,2021-09-09 12:33:00,1.1832,1.1832,1.1830,1.1831,0
1228,2021-09-09 12:32:00,1.1832,1.1832,1.1830,1.1832,0
1229,2021-09-09 12:31:00,1.1831,1.1832,1.1829,1.1831,0
1230,2021-09-09 12:30:00,1.1831,1.1831,1.1829,1.1829,0
1231,2021-09-09 12:29:00,1.1830,1.1831,1.1829,1.1831,0
1232,2021-09-09 12:28:00,1.1830,1.1830,1.1828,1.1830,0
1233,2021-09-09 12:27:00,1.1830,1.1831,1.1828,1.1830,0
1234,2021-09-09 12:26:00,1.1830,1.1831,1.1828,1.1830,0
1235,2021-09-09 12:25:00,1.1828,1.1831,1.1827,1.1830,0
1236,2021-09-09 12:24:00,1.1829,1.1829,1.1826,1.1828,0
1237,2021-09-09 12:23:00,1.1828,1.1829,1.1826,1.1828,0
1238,2021-09-09 12:22:00,1.1828,1.1828,1.1826,1.1828,0
1239,2021-09-09 12:21:00,1.1827,1.1828,1.1825,1.1828,0
1240,2021-09-09 12:20:00,1.1827,1.1827,1.1825,1.1826,0
1241,2021-09-09 12:19:00,1.1827,1.1827,1.1825,1.1827,0
1242,2021-09-09 12:18:00,1.1826,1.1827,1.1824,1.1827,0
1243,2021-09-09 12:17:00,1.1826,1.1826,1.1824,1.1826,0
1244,2021-09-09 12:16:00,1.1826,1.1826,1.1824,1.1826,0
1245,2021-09-09 12:15:00,1.1827,1.1827,1.1824,1.1826,0
1246,2021-09-09 12:14:00,1.1825,1.1827,1.1823,1.1826,0
1247,2021-09-09 12:13:00,1.1825,1.1826,1.1823,1.1825,0
1248,2021-09-09 12:12:00,1.1825,1.1826,1.1823,1.1825,0
1249,2021-09-09 12:11:00,1.1826,1.1827,1.1824,1.1825,0
1250,2021-09-09 12:10:00,1.1826,1.1826,1.1824,1.1826,0
1251,2021-09-09 12:09:00,1.1827,1.1827,1.1824,1.1826,0
1252,2021-09-09 12:08:00,1.1826,1.1827,1.1825,1.1827,0
1253,2021-09-09 12:07:00,1.1825,1.1827,1.1824,1.1826,0
1254,2021-09-09 12:06:00,1.1826,1.1826,1.1823,1.1826,0
1255,2021-09-09 12:05:00,1.1825,1.1827,1.1824,1.1826,0
1256,2021-09-09 12:04:00,1.1826,1.1827,1.1824,1.1824,0
1257,2021-09-09 12:03:00,1.1826,1.1826,1.1824,1.1824,0
1258,2021-09-09 12:02:00,1.1826,1.1826,1.1824,1.1826,0
1259,2021-09-09 12:01:00,1.1827,1.1828,1.1824,1.1826,0
1260,2021-09-09 12:00:00,1.1827,1.1827,1.1825,1.1827,0
1261,2021-09-09 11:59:00,1.1826,1.1828,1.1824,1.1827,0
1262,2021-09-09 11:58:00,1.1825,1.1826,1.1823,1.1826,0
1263,2021-09-09 11:57:00,1.1822,1.1825,1.1822,1.1825,0
1264,2021-09-09 11:56:00,1.1823,1.1825,1.1823,1.1824,0
1265,2021-09-09 11:55:00,1.1825,1.1825,1.1822,1.1824,0
1266,2021-09-09 11:54:00,1.1824,1.1825,1.1822,1.1823,0
1267,2021-09-09 11:53:00,1.1823,1.1825,1.1821,1.1823,0
1268,2021-09-09 11:52:00,1.1824,1.1825,1.1821,1.1823,0
1269,2021-09-09 11:51:00,1.1824,1.1825,1.1822,1.1824,0
1270,2021-09-09 11:50:00,1.1824,1.1825,1.1821,1.1824,0
1271,2021-09-09 11:49:00,1.1823,1.1824,1.1821,1.1824,0
1272,2021-09-09 11:48:00,1.1824,1.1824,1.1822,1.1823,0
1273,2021-09-09 11:47:00,1.1824,1.1824,1.1822,1.1824,0
1274,2021-09-09 11:46:00,1.1824,1.1825,1.1822,1.1823,0
1275,2021-09-09 11:45:00,1.1824,1.1825,1.1822,1.1824,0
1276,2021-09-09 11:44:00,1.1825,1.1825,1.1822,1.1824,0
1277,2021-09-09 11:43:00,1.1825,1.1826,1.1823,1.1825,0
1278,2021-09-09 11:42:00,1.1825,1.1825,1.1822,1.1825,0
1279,2021-09-09 11:41:00,1.1825,1.1825,1.1823,1.1825,0
1280,2021-09-09 11:40:00,1.1824,1.1825,1.1823,1.1825,0
1281,2021-09-09 11:39:00,1.1825,1.1825,1.1821,1.1824,0
1282,2021-09-09 11:38:00,1.1824,1.1825,1.1822,1.1825,0
1283,2021-09-09 11:37:00,1.1824,1.1825,1.1822,1.1824,0
1284,2021-09-09 11:36:00,1.1824,1.1824,1.1822,1.1824,0
1285,2021-09-09 11:35:00,1.1824,1.1824,1.1822,1.1824,0
1286,2021-09-09 11:34:00,1.1823,1.1824,1.1821,1.1824,0
1287,2021-09-09 11:33:00,1.1820,1.1823,1.1819,1.1823,0
1288,2021-09-09 11:32:00,1.1821,1.1822,1.1819,1.1821,0
1289,2021-09-09 11:31:00,1.1821,1.1822,1.1819,1.1821,0
1290,2021-09-09 11:30:00,1.1820,1.1821,1.1818,1.1821,0
1291,2021-09-09 11:29:00,1.1819,1.1820,1.1817,1.1820,0
1292,2021-09-09 11:28:00,1.1819,1.1820,1.1817,1.1820,0
1293,2021-09-09 11:27:00,1.1818,1.1820,1.1817,1.1819,0
1294,2021-09-09 11:26:00,1.1817,1.1819,1.1815,1.1818,0
1295,2021-09-09 11:25:00,1.1816,1.1817,1.1814,1.1817,0
1296,2021-09-09 11:24:00,1.1816,1.1816,1.1814,1.1816,0
1297,2021-09-09 11:23:00,1.1816,1.1816,1.1814,1.1816,0
1298,2021-09-09 11:22:00,1.1816,1.1816,1.1814,1.1815,0
1299,2021-09-09 11:21:00,1.1815,1.1816,1.1813,1.1816,0
1300,2021-09-09 11:20:00,1.1815,1.1816,1.1812,1.1815,0
1301,2021-09-09 11:19:00,1.1814,1.1815,1.1812,1.1814,0
1302,2021-09-09 11:18:00,1.1813,1.1814,1.1811,1.1814,0
1303,2021-09-09 11:17:00,1.1812,1.1814,1.1811,1.1812,0
1304,2021-09-09 11:16:00,1.1814,1.1814,1.1810,1.1812,0
1305,2021-09-09 11:15:00,1.1815,1.1815,1.1811,1.1813,0
1306,2021-09-09 11:14:00,1.1814,1.1816,1.1813,1.1814,0
1307,2021-09-09 11:13:00,1.1815,1.1816,1.1812,1.1813,0
1308,2021-09-09 11:12:00,1.1815,1.1815,1.1813,1.1814,0
1309,2021-09-09 11:11:00,1.1815,1.1816,1.1813,1.1815,0
1310,2021-09-09 11:10:00,1.1816,1.1816,1.1813,1.1814,0
1311,2021-09-09 11:09:00,1.1816,1.1816,1.1814,1.1816,0
1312,2021-09-09 11:08:00,1.1816,1.1816,1.1813,1.1816,0
1313,2021-09-09 11:07:00,1.1815,1.1816,1.1813,1.1816,0
1314,2021-09-09 11:06:00,1.1816,1.1817,1.1813,1.1815,0
1315,2021-09-09 11:05:00,1.1816,1.1817,1.1812,1.1815,0
1316,2021-09-09 11:04:00,1.1815,1.1817,1.1813,1.1816,0
1317,2021-09-09 11:03:00,1.1814,1.1816,1.1813,1.1814,0
1318,2021-09-09 11:02:00,1.1817,1.1818,1.1813,1.1814,0
1319,2021-09-09 11:01:00,1.1817,1.1818,1.1815,1.1817,0
1320,2021-09-09 11:00:00,1.1816,1.1818,1.1814,1.1817,0
1321,2021-09-09 10:59:00,1.1818,1.1818,1.1814,1.1816,0
1322,2021-09-09 10:58:00,1.1816,1.1818,1.1814,1.1818,0
1323,2021-09-09 10:57:00,1.1816,1.1818,1.1815,1.1816,0
1324,2021-09-09 10:56:00,1.1814,1.1816,1.1813,1.1816,0
1325,2021-09-09 10:55:00,1.1816,1.1816,1.1812,1.1814,0
1326,2021-09-09 10:54:00,1.1816,1.1818,1.1814,1.1816,0
1327,2021-09-09 10:53:00,1.1815,1.1818,1.1814,1.1816,0
1328,2021-09-09 10:52:00,1.1815,1.1816,1.1813,1.1816,0
1329,2021-09-09 10:51:00,1.1814,1.1816,1.1811,1.1815,0
1330,2021-09-09 10:50:00,1.1812,1.1815,1.1808,1.1815,0
1331,2021-09-09 10:49:00,1.1811,1.1813,1.1809,1.1812,0
1332,2021-09-09 10:48:00,1.1808,1.1811,1.1806,1.1810,0
1333,2021-09-09 10:47:00,1.1808,1.1809,1.1806,1.1808,0
1334,2021-09-09 10:46:00,1.1807,1.1809,1.1805,1.1808,0
1335,2021-09-09 10:45:00,1.1806,1.1807,1.1804,1.1807,0
1336,2021-09-09 10:44:00,1.1807,1.1807,1.1804,1.1806,0
1337,2021-09-09 10:43:00,1.1808,1.1808,1.1805,1.1806,0
1338,2021-09-09 10:42:00,1.1807,1.1808,1.1804,1.1807,0
1339,2021-09-09 10:41:00,1.1809,1.1811,1.1805,1.1807,0
1340,2021-09-09 10:40:00,1.1809,1.1810,1.1807,1.1809,0
1341,2021-09-09 10:39:00,1.1808,1.1810,1.1805,1.1808,0
1342,2021-09-09 10:38:00,1.1809,1.1810,1.1806,1.1808,0
1343,2021-09-09 10:37:00,1.1806,1.1809,1.1805,1.1809,0
1344,2021-09-09 10:36:00,1.1807,1.1807,1.1804,1.1804,0
1345,2021-09-09 10:35:00,1.1806,1.1808,1.1804,1.1807,0
1346,2021-09-09 10:34:00,1.1806,1.1806,1.1803,1.1806,0
1347,2021-09-09 10:33:00,1.1808,1.1809,1.1804,1.1805,0
1348,2021-09-09 10:32:00,1.1808,1.1810,1.1807,1.1808,0
1349,2021-09-09 10:31:00,1.1811,1.1811,1.1805,1.1808,0
1350,2021-09-09 10:30:00,1.1812,1.1812,1.1808,1.1811,0
1351,2021-09-09 10:29:00,1.1813,1.1814,1.1810,1.1812,0
1352,2021-09-09 10:28:00,1.1816,1.1816,1.1812,1.1813,0
1353,2021-09-09 10:27:00,1.1815,1.1816,1.1813,1.1816,0
1354,2021-09-09 10:26:00,1.1814,1.1816,1.1811,1.1815,0
1355,2021-09-09 10:25:00,1.1814,1.1815,1.1811,1.1813,0
1356,2021-09-09 10:24:00,1.1814,1.1815,1.1812,1.1814,0
1357,2021-09-09 10:23:00,1.1813,1.1814,1.1810,1.1814,0
1358,2021-09-09 10:22:00,1.1813,1.1814,1.1811,1.1813,0
1359,2021-09-09 10:21:00,1.1815,1.1815,1.1811,1.1813,0
1360,2021-09-09 10:20:00,1.1815,1.1816,1.1812,1.1814,0
1361,2021-09-09 10:19:00,1.1816,1.1817,1.1813,1.1815,0
1362,2021-09-09 10:18:00,1.1814,1.1816,1.1812,1.1815,0
1363,2021-09-09 10:17:00,1.1814,1.1814,1.1811,1.1813,0
1364,2021-09-09 10:16:00,1.1816,1.1816,1.1812,1.1814,0
1365,2021-09-09 10:15:00,1.1816,1.1817,1.1814,1.1816,0
1366,2021-09-09 10:14:00,1.1816,1.1817,1.1813,1.1816,0
1367,2021-09-09 10:13:00,1.1817,1.1817,1.1813,1.1816,0
1368,2021-09-09 10:12:00,1.1818,1.1818,1.1814,1.1817,0
1369,2021-09-09 10:11:00,1.1819,1.1820,1.1816,1.1818,0
1370,2021-09-09 10:10:00,1.1815,1.1820,1.1813,1.1819,0
1371,2021-09-09 10:09:00,1.1816,1.1817,1.1814,1.1816,0
1372,2021-09-09 10:08:00,1.1816,1.1817,1.1814,1.1815,0
1373,2021-09-09 10:07:00,1.1814,1.1817,1.1812,1.1816,0
1374,2021-09-09 10:06:00,1.1811,1.1815,1.1810,1.1814,0
1375,2021-09-09 10:05:00,1.1814,1.1815,1.1809,1.1810,0
1376,2021-09-09 10:04:00,1.1815,1.1816,1.1812,1.1813,0
1377,2021-09-09 10:03:00,1.1815,1.1816,1.1812,1.1816,0
1378,2021-09-09 10:02:00,1.1818,1.1818,1.1812,1.1815,0
1379,2021-09-09 10:01:00,1.1816,1.1820,1.1815,1.1818,0
1380,2021-09-09 10:00:00,1.1816,1.1816,1.1812,1.1815,0
1381,2021-09-09 09:59:00,1.1815,1.1816,1.1812,1.1815,0
1382,2021-09-09 09:58:00,1.1815,1.1817,1.1812,1.1815,0
1383,2021-09-09 09:57:00,1.1815,1.1818,1.1813,1.1815,0
1384,2021-09-09 09:56:00,1.1815,1.1817,1.1811,1.1814,0
1385,2021-09-09 09:55:00,1.1814,1.1817,1.1812,1.1816,0
1386,2021-09-09 09:54:00,1.1815,1.1816,1.1812,1.1813,0
1387,2021-09-09 09:53:00,1.1815,1.1816,1.1812,1.1815,0
1388,2021-09-09 09:52:00,1.1816,1.1818,1.1813,1.1814,0
1389,2021-09-09 09:51:00,1.1814,1.1818,1.1813,1.1816,0
1390,2021-09-09 09:50:00,1.1812,1.1816,1.1810,1.1815,0
1391,2021-09-09 09:49:00,1.1822,1.1822,1.1811,1.1813,0
1392,2021-09-09 09:48:00,1.1822,1.1824,1.1820,1.1822,0
1393,2021-09-09 09:47:00,1.1822,1.1825,1.1820,1.1824,0
1394,2021-09-09 09:46:00,1.1821,1.1823,1.1819,1.1822,0
1395,2021-09-09 09:45:00,1.1823,1.1824,1.1819,1.1821,0
1396,2021-09-09 09:44:00,1.1825,1.1826,1.1821,1.1823,0
1397,2021-09-09 09:43:00,1.1822,1.1826,1.1820,1.1825,0
1398,2021-09-09 09:42:00,1.1824,1.1825,1.1819,1.1822,0
1399,2021-09-09 09:41:00,1.1825,1.1826,1.1822,1.1824,0
1400,2021-09-09 09:40:00,1.1823,1.1826,1.1820,1.1825,0
1401,2021-09-09 09:39:00,1.1824,1.1825,1.1820,1.1823,0
1402,2021-09-09 09:38:00,1.1825,1.1826,1.1822,1.1824,0
1403,2021-09-09 09:37:00,1.1823,1.1826,1.1821,1.1825,0
1404,2021-09-09 09:36:00,1.1822,1.1824,1.1819,1.1823,0
1405,2021-09-09 09:35:00,1.1819,1.1822,1.1817,1.1822,0
1406,2021-09-09 09:34:00,1.1821,1.1821,1.1817,1.1818,0
1407,2021-09-09 09:33:00,1.1821,1.1822,1.1819,1.1820,0
1408,2021-09-09 09:32:00,1.1825,1.1825,1.1819,1.1820,0
1409,2021-09-09 09:31:00,1.1830,1.1830,1.1823,1.1825,0
1410,2021-09-09 09:30:00,1.1832,1.1832,1.1827,1.1830,0
1411,2021-09-09 09:29:00,1.1833,1.1834,1.1829,1.1832,0
1412,2021-09-09 09:28:00,1.1830,1.1833,1.1828,1.1833,0
1413,2021-09-09 09:27:00,1.1829,1.1831,1.1827,1.1830,0
1414,2021-09-09 09:26:00,1.1830,1.1831,1.1826,1.1831,0
1415,2021-09-09 09:25:00,1.1829,1.1831,1.1827,1.1830,0
1416,2021-09-09 09:24:00,1.1826,1.1830,1.1826,1.1829,0
1417,2021-09-09 09:23:00,1.1830,1.1830,1.1825,1.1825,0
1418,2021-09-09 09:22:00,1.1827,1.1830,1.1825,1.1830,0
1419,2021-09-09 09:21:00,1.1827,1.1828,1.1825,1.1827,0
1420,2021-09-09 09:20:00,1.1825,1.1827,1.1822,1.1827,0
1421,2021-09-09 09:19:00,1.1822,1.1825,1.1819,1.1824,0
1422,2021-09-09 09:18:00,1.1825,1.1826,1.1822,1.1824,0
1423,2021-09-09 09:17:00,1.1825,1.1827,1.1823,1.1825,0
1424,2021-09-09 09:16:00,1.1826,1.1827,1.1823,1.1825,0
1425,2021-09-09 09:15:00,1.1829,1.1830,1.1824,1.1826,0
1426,2021-09-09 09:14:00,1.1830,1.1832,1.1828,1.1829,0
1427,2021-09-09 09:13:00,1.1828,1.1832,1.1826,1.1831,0
1428,2021-09-09 09:12:00,1.1829,1.1830,1.1825,1.1828,0
1429,2021-09-09 09:11:00,1.1832,1.1833,1.1828,1.1830,0
1430,2021-09-09 09:10:00,1.1832,1.1834,1.1829,1.1832,0
1431,2021-09-09 09:09:00,1.1824,1.1835,1.1822,1.1832,0
1432,2021-09-09 09:08:00,1.1820,1.1824,1.1817,1.1824,0
1433,2021-09-09 09:07:00,1.1816,1.1820,1.1815,1.1820,0
1434,2021-09-09 09:06:00,1.1816,1.1817,1.1813,1.1816,0
1435,2021-09-09 09:05:00,1.1814,1.1816,1.1812,1.1816,0
1436,2021-09-09 09:04:00,1.1814,1.1814,1.1810,1.1814,0
1437,2021-09-09 09:03:00,1.1816,1.1816,1.1811,1.1814,0
1438,2021-09-09 09:02:00,1.1818,1.1819,1.1814,1.1816,0
